depth_ft,depth,wob_klbs,rpm,rop_fph,spp_psi,torque_ftlbs,formation_type,bha_state,is_anomaly,anomaly_type,recommended_solution,forecast_risk,proactive_alert
1000.0,1000.0,16.29802849180674,109.65433924707204,84.719015950332,448.8321522086569,5037.592657599652,Alluvial Gravel,Rotating (Rotary),True,Drill String Washout Detected,Stop drilling immediately. Circulate bottoms up and pull out of hole for pipe inspection.,6.682365791084919,System operating in nominal envelope
1011.5,1011.5,15.859517825830492,113.94803203876847,85.65107205230316,1250.1058682288228,4726.761995794148,Alluvial Gravel,Rotating (Rotary),False,Nominal,Continue drilling. Optimize WOB for maximum ROP.,6.8993474366102,System operating in nominal envelope
1023.0,1023.0,15.721949384312522,108.83567561607435,82.93009860098437,1237.8890567891508,4501.5282818333835,Alluvial Gravel,Rotating (Rotary),False,Nominal,Continue drilling. Optimize WOB for maximum ROP.,9.607121713482755,System operating in nominal envelope
1034.5,1034.5,15.662627482455417,107.46792219916394,83.30523555839765,1240.616183314882,4658.348244218691,Alluvial Gravel,Rotating (Rotary),False,Nominal,Continue drilling. Optimize WOB for maximum ROP.,7.862798621119409,System operating in nominal envelope
1046.0,1046.0,16.879389261352934,109.43555924878366,84.34674073056978,1235.3682051171982,4577.739282950701,Alluvial Gravel,Rotating (Rotary),False,Nominal,Continue drilling. Optimize WOB for maximum ROP.,7.474629812331464,System operating in nominal envelope
1057.5,1057.5,16.06655355382592,107.12251605644424,84.64996750024807,1243.9924504586418,4706.300364372666,Alluvial Gravel,Rotating (Rotary),False,Nominal,Continue drilling. Optimize WOB for maximum ROP.,11.452376445533316,System operating in nominal envelope
1069.0,1069.0,15.638976032662361,114.63069546127234,85.98705389452383,1235.1825693815517,4634.997095082879,Alluvial Gravel,Rotating (Rotary),False,Nominal,Continue drilling. Optimize WOB for maximum ROP.,11.509717452185445,System operating in nominal envelope
1080.5,1080.5,15.267493810017386,110.52215898751189,85.23623348304295,1187.4482469030056,4592.802976371845,Alluvial Gravel,Rotating (Rotary),False,Nominal,Continue drilling. Optimize WOB for maximum ROP.,13.245170697999292,System operating in nominal envelope
1092.0,1092.0,16.443079947997248,110.42842070297493,83.22577361155909,1234.468792940294,4753.027823488071,Alluvial Gravel,Rotating (Rotary),False,Nominal,Continue drilling. Optimize WOB for maximum ROP.,9.17708566972976,System operating in nominal envelope
1103.5,1103.5,15.568093474963174,108.84840307260053,82.88435181356472,1264.708055655473,4853.60445317268,Alluvial Gravel,Rotating (Rotary),False,Nominal,Continue drilling. Optimize WOB for maximum ROP.,5.730850910261502,System operating in nominal envelope
1115.0,1115.0,16.194450381636877,109.03729429895921,86.23719942699515,1222.276949992351,4895.421501059175,Alluvial Gravel,Rotating (Rotary),False,Nominal,Continue drilling. Optimize WOB for maximum ROP.,7.736663849214577,System operating in nominal envelope
1126.5,1126.5,16.558768071469718,107.9019561919434,86.17065415254683,1232.3896906037196,4851.677095298956,Alluvial Gravel,Rotating (Rotary),False,Nominal,Continue drilling. Optimize WOB for maximum ROP.,14.80005463196817,System operating in nominal envelope
1138.0,1138.0,15.712495457292826,109.53585255834045,85.97503098687304,1213.3816256498492,4613.391766643415,Alluvial Gravel,Rotating (Rotary),False,Nominal,Continue drilling. Optimize WOB for maximum ROP.,10.962585752327021,System operating in nominal envelope
1149.5,1149.5,16.813744017142493,109.81997469604917,84.22585629447386,1267.0483224473007,4856.415219907431,Alluvial Gravel,Rotating (Rotary),False,Nominal,Continue drilling. Optimize WOB for maximum ROP.,12.097370848010202,System operating in nominal envelope
1161.0,1161.0,16.21683736330505,113.84509141616492,81.8563058750923,1241.9843490222513,5044.084410306985,Alluvial Gravel,Rotating (Rotary),False,Nominal,Continue drilling. Optimize WOB for maximum ROP.,5.073578296254145,System operating in nominal envelope
1172.5,1172.5,16.493141502625136,110.21761767059543,82.61491730247893,1236.3248162383534,4814.314681139538,Alluvial Gravel,Rotating (Rotary),False,Nominal,Continue drilling. Optimize WOB for maximum ROP.,10.182057321825209,System operating in nominal envelope
1184.0,1184.0,15.868196867297494,110.89278142877937,84.02980767652818,1281.667351118538,4719.149845949311,Alluvial Gravel,Rotating (Rotary),False,Nominal,Continue drilling. Optimize WOB for maximum ROP.,5.3752865753180314,System operating in nominal envelope
1195.5,1195.5,15.698945773849278,112.28850529425519,85.61592091973603,1253.8587777414923,4717.357408212342,Alluvial Gravel,Rotating (Rotary),False,Nominal,Continue drilling. Optimize WOB for maximum ROP.,10.69230212091448,System operating in nominal envelope
1207.0,1207.0,16.058246529608823,112.42161247633223,84.5294702162414,1229.0086726530662,4748.884705130748,Alluvial Gravel,Rotating (Rotary),False,Nominal,Continue drilling. Optimize WOB for maximum ROP.,14.207708496360754,System operating in nominal envelope
1218.5,1218.5,15.121891031120729,110.74030069266144,84.71849543994982,1254.0063818044973,4800.797699236224,Alluvial Gravel,Rotating (Rotary),False,Nominal,Continue drilling. Optimize WOB for maximum ROP.,14.684191305004079,System operating in nominal envelope
1230.0,1230.0,15.150777554769752,108.9483866930866,84.8064571460008,1239.832137086831,4674.844746001428,Alluvial Gravel,Rotating (Rotary),False,Nominal,Continue drilling. Optimize WOB for maximum ROP.,10.40552675388924,System operating in nominal envelope
1241.5,1241.5,16.242430514088724,114.71546475302632,84.9106649010806,1253.684445320796,4840.177860952751,Alluvial Gravel,Rotating (Rotary),False,Nominal,Continue drilling. Optimize WOB for maximum ROP.,9.58204805252216,System operating in nominal envelope
1253.0,1253.0,14.848737270820575,109.93371531137696,84.76916684226265,1251.7457552485257,5184.265769547705,Alluvial Gravel,Rotating (Rotary),False,Nominal,Continue drilling. Optimize WOB for maximum ROP.,14.45017094248494,System operating in nominal envelope
1264.5,1264.5,16.180928405400167,109.91322057573689,85.90231963922413,1221.9430490595118,4978.280359064343,Alluvial Gravel,Rotating (Rotary),False,Nominal,Continue drilling. Optimize WOB for maximum ROP.,11.73609831996695,System operating in nominal envelope
1276.0,1276.0,16.47461916822583,107.72653136301315,85.70422851256032,1287.1498577734023,4581.311234204404,Alluvial Gravel,Rotating (Rotary),False,Nominal,Continue drilling. Optimize WOB for maximum ROP.,5.648992795384094,System operating in nominal envelope
1287.5,1287.5,17.31427337548599,107.52365918717328,84.39582921506056,1238.8425567599306,4815.545612953672,Alluvial Gravel,Rotating (Rotary),False,Nominal,Continue drilling. Optimize WOB for maximum ROP.,9.657255776674976,System operating in nominal envelope
1299.0,1299.0,15.06960194136032,110.17140743701506,83.89669091891943,1227.3624071568474,4873.880419179089,Alluvial Gravel,Rotating (Rotary),False,Nominal,Continue drilling. Optimize WOB for maximum ROP.,7.402450184643039,System operating in nominal envelope
1310.5,1310.5,16.929960643010524,108.04186676915941,83.52296282027925,1246.788462094858,4926.908685909669,Alluvial Gravel,Rotating (Rotary),False,Nominal,Continue drilling. Optimize WOB for maximum ROP.,9.698043214486816,System operating in nominal envelope
1322.0,1322.0,16.13647596076248,113.26785688570607,85.31185935309811,1215.5729191359692,4828.802881931039,Alluvial Gravel,Rotating (Rotary),False,Nominal,Continue drilling. Optimize WOB for maximum ROP.,9.554655720063618,System operating in nominal envelope
1333.5,1333.5,16.469093723066386,106.9076232228048,85.35638160787983,1223.668584672893,4881.422884236236,Alluvial Gravel,Rotating (Rotary),False,Nominal,Continue drilling. Optimize WOB for maximum ROP.,10.82144802814742,System operating in nominal envelope
1345.0,1345.0,16.150295710207526,110.86612052374244,85.35168696795841,1240.5993819605376,4836.231576757116,Alluvial Gravel,Rotating (Rotary),False,Nominal,Continue drilling. Optimize WOB for maximum ROP.,8.567704903492512,System operating in nominal envelope
1356.5,1356.5,15.57138914918418,114.6644362778619,85.78786433036059,1270.3658230227948,4614.156654436387,Alluvial Gravel,Rotating (Rotary),False,Nominal,Continue drilling. Optimize WOB for maximum ROP.,6.642704494559281,System operating in nominal envelope
1368.0,1368.0,15.415190997863608,111.96771150935614,86.15605135509318,1288.4048894751852,4671.973558337133,Alluvial Gravel,Rotating (Rotary),False,Nominal,Continue drilling. Optimize WOB for maximum ROP.,10.037194345899563,System operating in nominal envelope
1379.5,1379.5,16.247668556161898,112.05515039998622,84.09551660277101,1307.7798245663487,4761.719453903552,Alluvial Gravel,Rotating (Rotary),False,Nominal,Continue drilling. Optimize WOB for maximum ROP.,13.30202884345762,System operating in nominal envelope
1391.0,1391.0,15.466291342224686,107.96047428758641,85.33202895919602,1259.3524572646475,4853.219708071397,Alluvial Gravel,Rotating (Rotary),False,Nominal,Continue drilling. Optimize WOB for maximum ROP.,11.640122280676023,System operating in nominal envelope
1402.5,1402.5,16.496309949421615,110.03250472969476,88.26420299990754,1298.538351928933,4758.713534014879,Alluvial Gravel,Rotating (Rotary),False,Nominal,Continue drilling. Optimize WOB for maximum ROP.,8.383678659252158,System operating in nominal envelope
1414.0,1414.0,16.375400408659004,107.8571061089593,84.73184465760897,1236.347687548472,4875.265696777937,Alluvial Gravel,Rotating (Rotary),False,Nominal,Continue drilling. Optimize WOB for maximum ROP.,14.355230227588573,System operating in nominal envelope
1425.5,1425.5,16.428400296455255,111.18309406143386,83.18218333037696,1262.2192771835782,4667.900179981329,Alluvial Gravel,Rotating (Rotary),False,Nominal,Continue drilling. Optimize WOB for maximum ROP.,14.12207571249182,System operating in nominal envelope
1437.0,1437.0,15.732091028759788,112.14099698580868,85.20781711102141,1270.3123436032552,4605.66475052093,Alluvial Gravel,Rotating (Rotary),False,Nominal,Continue drilling. Optimize WOB for maximum ROP.,7.093483993840987,System operating in nominal envelope
1448.5,1448.5,16.2311904278373,107.79035640949716,83.62843564260325,1269.7231276486384,4809.080560077576,Alluvial Gravel,Rotating (Rotary),False,Nominal,Continue drilling. Optimize WOB for maximum ROP.,5.39417585120363,System operating in nominal envelope
1460.0,1460.0,16.21467241620897,111.40196131592059,83.34679675845149,1293.876281079382,4964.393120117445,Alluvial Gravel,Rotating (Rotary),False,Nominal,Continue drilling. Optimize WOB for maximum ROP.,12.413087083507623,System operating in nominal envelope
1471.5,1471.5,15.437304976050926,111.28758816802164,89.62327778878567,1280.5646487728052,4880.347439063744,Alluvial Gravel,Rotating (Rotary),False,Nominal,Continue drilling. Optimize WOB for maximum ROP.,13.276102613491533,System operating in nominal envelope
1483.0,1483.0,16.3425343064159,112.8389141004515,84.62167690643159,1292.4900440873303,4901.617035203704,Alluvial Gravel,Rotating (Rotary),False,Nominal,Continue drilling. Optimize WOB for maximum ROP.,14.678645659513553,System operating in nominal envelope
1494.5,1494.5,16.45538153229596,108.06793696365607,85.09824896726359,1263.6395348314998,4724.28328653866,Alluvial Gravel,Rotating (Rotary),False,Nominal,Continue drilling. Optimize WOB for maximum ROP.,13.898363940883108,System operating in nominal envelope
1506.0,1506.0,29.166385420012315,95.33183701852063,53.30104528315804,2237.6365047593627,10464.601562737518,Volcanic Tuff,Rotating (Rotary),False,Nominal,Continue drilling. Optimize WOB for maximum ROP.,11.005347682064148,System operating in nominal envelope
1517.5,1517.5,26.96011107454126,100.16070004773866,57.446551896164834,2194.4563805517673,10873.821508577454,Volcanic Tuff,Rotating (Rotary),False,Nominal,Continue drilling. Optimize WOB for maximum ROP.,10.300523392123807,System operating in nominal envelope
1529.0,1529.0,23.685340062909155,100.54114647395494,62.71819872157117,2223.4592959975953,10902.870241491748,Volcanic Tuff,Rotating (Rotary),False,Nominal,Continue drilling. Optimize WOB for maximum ROP.,5.278410512625863,System operating in nominal envelope
1540.5,1540.5,26.14105424017242,94.93714353335598,58.068760005266405,2227.9013578692357,10898.225372065615,Volcanic Tuff,Rotating (Rotary),False,Nominal,Continue drilling. Optimize WOB for maximum ROP.,7.466564468447778,System operating in nominal envelope
1552.0,1552.0,23.57346267082114,99.71315889633276,50.6789329345992,2236.7846819745114,11594.784368541576,Volcanic Tuff,Rotating (Rotary),False,Nominal,Continue drilling. Optimize WOB for maximum ROP.,9.596147517329264,System operating in nominal envelope
1563.5,1563.5,24.397897775486292,98.81263672209761,56.45793415945944,2208.7467691856573,12005.04713356818,Volcanic Tuff,Rotating (Rotary),False,Nominal,Continue drilling. Optimize WOB for maximum ROP.,11.285039000835678,System operating in nominal envelope
1575.0,1575.0,22.73040888219692,102.29465486763694,49.53026812256555,2279.0539049253157,11670.804158811323,Volcanic Tuff,Rotating (Rotary),False,Nominal,Continue drilling. Optimize WOB for maximum ROP.,10.572518333184107,System operating in nominal envelope
1586.5,1586.5,24.128378668840746,103.16727787296655,57.788682592345616,2209.2282633595305,11402.38165923468,Volcanic Tuff,Rotating (Rotary),False,Nominal,Continue drilling. Optimize WOB for maximum ROP.,12.426359896816905,System operating in nominal envelope
1598.0,1598.0,23.33152515115945,99.8511866098455,54.09075465498462,2146.808316498273,10732.879235551563,Volcanic Tuff,Rotating (Rotary),False,Nominal,Continue drilling. Optimize WOB for maximum ROP.,7.797669308870408,System operating in nominal envelope
1609.5,1609.5,22.75399027246327,104.08102825982908,55.47066607822993,2193.0064655509846,10999.339714066175,Volcanic Tuff,Rotating (Rotary),False,Nominal,Continue drilling. Optimize WOB for maximum ROP.,10.649526076524733,System operating in nominal envelope
1621.0,1621.0,27.59429192031901,96.4103446220514,51.466568856227376,2258.759093803874,11204.666275824931,Volcanic Tuff,Rotating (Rotary),False,Nominal,Continue drilling. Optimize WOB for maximum ROP.,5.881422433907922,System operating in nominal envelope
1632.5,1632.5,25.831786253673886,100.49764923893368,53.61287105129766,2215.59457807103,11231.829750755449,Volcanic Tuff,Rotating (Rotary),False,Nominal,Continue drilling. Optimize WOB for maximum ROP.,9.13665523583207,System operating in nominal envelope
1644.0,1644.0,25.204331221452247,101.65532668630262,62.67892014876256,2271.1704204036337,10635.556132534957,Volcanic Tuff,Rotating (Rotary),False,Nominal,Continue drilling. Optimize WOB for maximum ROP.,12.50160832954601,System operating in nominal envelope
1655.5,1655.5,21.486241960859495,99.62053726241105,52.75828172864586,2247.1479301621143,11328.132291687174,Volcanic Tuff,Rotating (Rotary),False,Nominal,Continue drilling. Optimize WOB for maximum ROP.,11.93400853429044,System operating in nominal envelope
1667.0,1667.0,24.625379949356905,98.76749766335291,56.28525574947417,2218.6258810763948,11587.418556241588,Volcanic Tuff,Rotating (Rotary),False,Nominal,Continue drilling. Optimize WOB for maximum ROP.,14.90642737172179,System operating in nominal envelope
1678.5,1678.5,23.752762728530822,102.24899968858313,57.266663830925005,2241.9624880219153,11570.665126190566,Volcanic Tuff,Rotating (Rotary),False,Nominal,Continue drilling. Optimize WOB for maximum ROP.,7.77891125987756,System operating in nominal envelope
1690.0,1690.0,23.50780898034027,98.59954739950757,54.92475426172906,2253.8823401280815,11478.32884103766,Volcanic Tuff,Rotating (Rotary),False,Nominal,Continue drilling. Optimize WOB for maximum ROP.,9.981892991739791,System operating in nominal envelope
1701.5,1701.5,25.211189289955808,103.19416223947107,54.27210645123798,2221.330715279104,11449.476405813537,Volcanic Tuff,Rotating (Rotary),False,Nominal,Continue drilling. Optimize WOB for maximum ROP.,8.295304137739967,System operating in nominal envelope
1713.0,1713.0,24.608173834191003,102.74694212996798,59.69972370575559,2257.675408724701,11570.96039401629,Volcanic Tuff,Rotating (Rotary),False,Nominal,Continue drilling. Optimize WOB for maximum ROP.,9.406031140591747,System operating in nominal envelope
1724.5,1724.5,25.037806914938965,101.70488242823741,54.531485004276334,2230.2033310851634,11347.81985673473,Volcanic Tuff,Rotating (Rotary),False,Nominal,Continue drilling. Optimize WOB for maximum ROP.,13.569501298693881,System operating in nominal envelope
1736.0,1736.0,25.17459273698689,101.48789256359228,51.37833742660107,2218.4244829191634,12154.12859771257,Volcanic Tuff,Rotating (Rotary),False,Nominal,Continue drilling. Optimize WOB for maximum ROP.,11.842090751884866,System operating in nominal envelope
1747.5,1747.5,22.814460496982083,102.89527718375017,57.262043833351406,2259.5915673490736,11484.598636575784,Volcanic Tuff,Rotating (Rotary),False,Nominal,Continue drilling. Optimize WOB for maximum ROP.,13.824411913475817,System operating in nominal envelope
1759.0,1759.0,24.977955808875553,97.75686407128542,58.51043104030391,2242.615113954843,10891.214259550477,Volcanic Tuff,Rotating (Rotary),False,Nominal,Continue drilling. Optimize WOB for maximum ROP.,7.035111083318864,System operating in nominal envelope
1770.5,1770.5,24.73529671329615,97.93625700801871,52.97059160990569,2233.605353958675,11388.296743149685,Volcanic Tuff,Rotating (Rotary),False,Nominal,Continue drilling. Optimize WOB for maximum ROP.,13.73361117841438,System operating in nominal envelope
1782.0,1782.0,23.520003287980423,100.60921802872979,53.304262099774036,2248.684164277718,10968.833912030765,Volcanic Tuff,Rotating (Rotary),False,Nominal,Continue drilling. Optimize WOB for maximum ROP.,5.5976227417838444,System operating in nominal envelope
1793.5,1793.5,25.417689887243746,96.37978914625668,54.231590253837346,2208.293405640586,10872.38943510889,Volcanic Tuff,Rotating (Rotary),False,Nominal,Continue drilling. Optimize WOB for maximum ROP.,13.885992804371524,System operating in nominal envelope
1805.0,1805.0,25.559633618076408,103.68839054237388,54.93154165155032,2265.8414905800505,11127.068030336677,Volcanic Tuff,Rotating (Rotary),False,Nominal,Continue drilling. Optimize WOB for maximum ROP.,8.29073779460728,System operating in nominal envelope
1816.5,1816.5,23.195447143651943,99.95371716001902,52.02196860321164,2238.103534026997,11347.159663514169,Volcanic Tuff,Rotating (Rotary),False,Nominal,Continue drilling. Optimize WOB for maximum ROP.,8.145876334140665,System operating in nominal envelope
1828.0,1828.0,25.93482372563411,103.83184728250644,57.48451837016,2243.5209962885783,11383.180545277117,Volcanic Tuff,Rotating (Rotary),False,Nominal,Continue drilling. Optimize WOB for maximum ROP.,10.120885766986639,System operating in nominal envelope
1839.5,1839.5,24.277803150605493,100.56023120452605,52.21716477812032,2247.4748100195447,11244.540300938268,Volcanic Tuff,Rotating (Rotary),False,Nominal,Continue drilling. Optimize WOB for maximum ROP.,14.406901877232318,System operating in nominal envelope
1851.0,1851.0,25.044118313666097,101.24499572811362,62.7514568470416,2284.358590194876,11637.427496694854,Volcanic Tuff,Rotating (Rotary),False,Nominal,Continue drilling. Optimize WOB for maximum ROP.,5.477813646814054,System operating in nominal envelope
1862.5,1862.5,23.618774386801512,102.1808015918017,52.090126172721455,2253.583550143459,12198.55013754726,Volcanic Tuff,Rotating (Rotary),False,Nominal,Continue drilling. Optimize WOB for maximum ROP.,8.522309750707453,System operating in nominal envelope
1874.0,1874.0,23.4885006840746,98.50151838638995,52.267122418406686,2196.822606892255,10960.255710113574,Volcanic Tuff,Rotating (Rotary),False,Nominal,Continue drilling. Optimize WOB for maximum ROP.,13.565719886833357,System operating in nominal envelope
1885.5,1885.5,25.270708815657173,100.8543899394429,52.92314683961535,2297.7442709803972,11633.393270212839,Volcanic Tuff,Rotating (Rotary),False,Nominal,Continue drilling. Optimize WOB for maximum ROP.,8.960544774354666,System operating in nominal envelope
1897.0,1897.0,23.382853591572957,101.22979792876626,59.245984434596636,2218.754169824484,12035.145197229585,Volcanic Tuff,Rotating (Rotary),False,Nominal,Continue drilling. Optimize WOB for maximum ROP.,6.9915689759706705,System operating in nominal envelope
1908.5,1908.5,24.15548382621153,95.71716367727281,59.45613872310446,2286.5268093541354,11147.769830564806,Volcanic Tuff,Rotating (Rotary),False,Nominal,Continue drilling. Optimize WOB for maximum ROP.,9.247941813314117,System operating in nominal envelope
1920.0,1920.0,22.13003021417014,98.50156244261557,53.37976430267472,2253.7310924929543,11221.423150756722,Volcanic Tuff,Rotating (Rotary),False,Nominal,Continue drilling. Optimize WOB for maximum ROP.,8.855525014916694,System operating in nominal envelope
1931.5,1931.5,26.1211298782255,97.33094892654351,56.851979802611496,2250.9605128744674,11254.854808060625,Volcanic Tuff,Rotating (Rotary),False,Nominal,Continue drilling. Optimize WOB for maximum ROP.,14.154162014667035,System operating in nominal envelope
1943.0,1943.0,26.280906780560002,97.18839477040532,56.19633044312653,2217.0871457316093,11782.620630785721,Volcanic Tuff,Rotating (Rotary),False,Nominal,Continue drilling. Optimize WOB for maximum ROP.,12.619343757430972,System operating in nominal envelope
1954.5,1954.5,23.652724234198203,103.8778799388063,55.243066533076394,2259.2518658573217,11737.759515933105,Volcanic Tuff,Rotating (Rotary),False,Nominal,Continue drilling. Optimize WOB for maximum ROP.,10.051155557440064,System operating in nominal envelope
1966.0,1966.0,28.709346264787577,104.38835210610802,57.32335341850653,2251.055896288023,11643.036353635187,Volcanic Tuff,Rotating (Rotary),False,Nominal,Continue drilling. Optimize WOB for maximum ROP.,14.883705667215711,System operating in nominal envelope
1977.5,1977.5,27.463536803558227,97.98127544526864,48.36853784887679,2275.3512864999607,12020.378291841236,Volcanic Tuff,Rotating (Rotary),False,Nominal,Continue drilling. Optimize WOB for maximum ROP.,27.0,PROACTIVE ML WARNING: Impending Stick-Slip (27% risk). Adjust RPM immediately.
1989.0,1989.0,22.870134677201605,97.8452361235479,59.8084853875457,2252.384829138886,11391.767894216031,Volcanic Tuff,Rotating (Rotary),False,Nominal,Continue drilling. Optimize WOB for maximum ROP.,34.0,PROACTIVE ML WARNING: Impending Stick-Slip (34% risk). Adjust RPM immediately.
2000.5,2000.5,25.133370604755594,103.51539250668804,53.900028283972176,2225.537463544628,9381.307320805661,Volcanic Tuff,Rotating (Rotary),False,Nominal,Continue drilling. Optimize WOB for maximum ROP.,41.0,PROACTIVE ML WARNING: Impending Stick-Slip (41% risk). Adjust RPM immediately.
2012.0,2012.0,25.69131780809075,93.92672269512482,49.10390979818253,2209.273947499003,11233.67828398665,Volcanic Tuff,Rotating (Rotary),False,Nominal,Continue drilling. Optimize WOB for maximum ROP.,48.0,PROACTIVE ML WARNING: Impending Stick-Slip (48% risk). Adjust RPM immediately.
2023.5,2023.5,26.205410587894068,100.78384420057911,49.686831321199776,2238.3830053418164,12715.402942540633,Volcanic Tuff,Rotating (Rotary),False,Nominal,Continue drilling. Optimize WOB for maximum ROP.,56.0,PROACTIVE ML WARNING: Impending Stick-Slip (56% risk). Adjust RPM immediately.
2035.0,2035.0,24.88717762490829,111.35264631752376,51.29107257385922,2238.1568488416115,11615.41945189454,Volcanic Tuff,Rotating (Rotary),False,Nominal,Continue drilling. Optimize WOB for maximum ROP.,63.0,PROACTIVE ML WARNING: Impending Stick-Slip (63% risk). Adjust RPM immediately.
2046.5,2046.5,23.57282890192778,101.3978058681775,48.58763958668015,2237.8389419395153,8528.54882967029,Volcanic Tuff,Rotating (Rotary),False,Nominal,Continue drilling. Optimize WOB for maximum ROP.,70.0,PROACTIVE ML WARNING: Impending Stick-Slip (70% risk). Adjust RPM immediately.
2058.0,2058.0,28.5365052392495,88.40437216333511,52.19561902111301,2247.146862300185,10659.028512692394,Volcanic Tuff,Rotating (Rotary),False,Nominal,Continue drilling. Optimize WOB for maximum ROP.,77.0,PROACTIVE ML WARNING: Impending Stick-Slip (77% risk). Adjust RPM immediately.
2069.5,2069.5,24.6022547208402,97.53463527100887,50.22705433367915,2284.4976927511825,13966.587525893541,Volcanic Tuff,Rotating (Rotary),False,Nominal,Continue drilling. Optimize WOB for maximum ROP.,84.0,PROACTIVE ML WARNING: Impending Stick-Slip (84% risk). Adjust RPM immediately.
2081.0,2081.0,24.50490694512704,108.22103251431383,57.92188376860462,2228.600223445036,13094.39444476111,Volcanic Tuff,Rotating (Rotary),False,Nominal,Continue drilling. Optimize WOB for maximum ROP.,92.0,PROACTIVE ML WARNING: Impending Stick-Slip (92% risk). Adjust RPM immediately.
2092.5,2092.5,24.55173512879852,57.413891264676984,37.4881118817113,2275.1812538635886,24902.65565779385,Volcanic Tuff,Rotating (Rotary),True,Severe Stick-Slip Vibration,Decrease WOB by 5 klbs and increase RPM by 15 to break torsional resonance.,14.41278928906798,System operating in nominal envelope
2104.0,2104.0,24.76974833533462,97.61114889849894,52.27713731697651,2228.158841993561,11292.779417955453,Volcanic Tuff,Rotating (Rotary),False,Nominal,Continue drilling. Optimize WOB for maximum ROP.,13.816353491754107,System operating in nominal envelope
2115.5,2115.5,22.439943322724186,98.38356778939368,58.17390312501802,2242.20129990964,11969.33658559309,Volcanic Tuff,Rotating (Rotary),False,Nominal,Continue drilling. Optimize WOB for maximum ROP.,10.151922261382136,System operating in nominal envelope
2127.0,2127.0,24.98564924563009,103.69986034722507,60.483246678170765,2272.09420769119,10807.254404194311,Volcanic Tuff,Rotating (Rotary),False,Nominal,Continue drilling. Optimize WOB for maximum ROP.,12.746526197930176,System operating in nominal envelope
2138.5,2138.5,25.970038078632385,97.40688461418387,50.02192096852839,2266.3215330479097,10800.718076456551,Volcanic Tuff,Rotating (Rotary),False,Nominal,Continue drilling. Optimize WOB for maximum ROP.,10.62144753827585,System operating in nominal envelope
2150.0,2150.0,26.667119585556954,104.77354160117532,52.65768675116142,2237.0358106545214,11456.7139719309,Volcanic Tuff,Rotating (Rotary),False,Nominal,Continue drilling. Optimize WOB for maximum ROP.,10.527038900455402,System operating in nominal envelope
2161.5,2161.5,24.123174309223547,98.51901518940282,52.00857958092026,2251.3202307580045,11222.12586234284,Volcanic Tuff,Rotating (Rotary),False,Nominal,Continue drilling. Optimize WOB for maximum ROP.,6.147419583381919,System operating in nominal envelope
2173.0,2173.0,25.48682228640371,99.87440472637715,52.923623209954,2267.86629882834,10786.15097010903,Volcanic Tuff,Rotating (Rotary),False,Nominal,Continue drilling. Optimize WOB for maximum ROP.,6.261376580161521,System operating in nominal envelope
2184.5,2184.5,26.35970420648636,101.25229296906095,57.70499364413844,2250.3211188800365,11245.295531275728,Volcanic Tuff,Rotating (Rotary),False,Nominal,Continue drilling. Optimize WOB for maximum ROP.,10.295336150224575,System operating in nominal envelope
2196.0,2196.0,21.99507049398153,101.35840048094984,52.25226703644694,2259.1144060263537,11460.192992878481,Volcanic Tuff,Rotating (Rotary),False,Nominal,Continue drilling. Optimize WOB for maximum ROP.,7.688615449790066,System operating in nominal envelope
2207.5,2207.5,21.751212218803865,95.93114390529209,51.74446014962413,2277.8021236665345,11318.433460784996,Volcanic Tuff,Rotating (Rotary),False,Nominal,Continue drilling. Optimize WOB for maximum ROP.,5.210369024604686,System operating in nominal envelope
2219.0,2219.0,26.14946642579927,95.8461998443276,52.65339001191223,2275.868005033817,10647.77661290832,Volcanic Tuff,Rotating (Rotary),False,Nominal,Continue drilling. Optimize WOB for maximum ROP.,12.228392039002124,System operating in nominal envelope
2230.5,2230.5,25.085317608369547,97.84896658679011,52.923189269716666,2268.8261113942544,11658.869521001785,Volcanic Tuff,Rotating (Rotary),False,Nominal,Continue drilling. Optimize WOB for maximum ROP.,5.324865966901649,System operating in nominal envelope
2242.0,2242.0,26.504245801717254,97.17573286335596,46.102079799541755,2292.6051044478822,11857.355291020003,Volcanic Tuff,Rotating (Rotary),False,Nominal,Continue drilling. Optimize WOB for maximum ROP.,10.952768411040545,System operating in nominal envelope
2253.5,2253.5,23.565588540153144,101.44268031795136,52.82565332782305,2275.2038653489253,11369.242518257317,Volcanic Tuff,Rotating (Rotary),False,Nominal,Continue drilling. Optimize WOB for maximum ROP.,10.391937941273143,System operating in nominal envelope
2265.0,2265.0,25.15586161745122,99.6108069115198,56.215369583470725,2310.394551541495,11316.015904545353,Volcanic Tuff,Rotating (Rotary),False,Nominal,Continue drilling. Optimize WOB for maximum ROP.,14.688146905778044,System operating in nominal envelope
2276.5,2276.5,24.25862146097956,98.78098443981877,53.48445586904705,2271.3060453045096,11379.870176924504,Volcanic Tuff,Rotating (Rotary),False,Nominal,Continue drilling. Optimize WOB for maximum ROP.,9.842131393476416,System operating in nominal envelope
2288.0,2288.0,25.521594742413544,105.1885019966136,59.3243701197902,2304.818117585792,11051.333269331464,Volcanic Tuff,Rotating (Rotary),False,Nominal,Continue drilling. Optimize WOB for maximum ROP.,5.636014363777973,System operating in nominal envelope
2299.5,2299.5,24.265464328561208,94.90468866205536,53.73455145745129,2258.757842227065,10346.91888401221,Volcanic Tuff,Rotating (Rotary),False,Nominal,Continue drilling. Optimize WOB for maximum ROP.,10.516879678064617,System operating in nominal envelope
2311.0,2311.0,25.033153082541194,104.19109328068821,57.98586009226056,2293.053184344104,11100.090158863159,Volcanic Tuff,Rotating (Rotary),False,Nominal,Continue drilling. Optimize WOB for maximum ROP.,13.410961706161014,System operating in nominal envelope
2322.5,2322.5,21.01995644378581,100.58903639527142,59.11751455554494,2305.0716298471743,10525.764671924393,Volcanic Tuff,Rotating (Rotary),False,Nominal,Continue drilling. Optimize WOB for maximum ROP.,14.968492842814399,System operating in nominal envelope
2334.0,2334.0,25.609293533489947,98.961780215248,55.65471851821058,2302.539546652657,12235.435943158805,Volcanic Tuff,Rotating (Rotary),False,Nominal,Continue drilling. Optimize WOB for maximum ROP.,9.303431736890726,System operating in nominal envelope
2345.5,2345.5,25.446797055340603,98.85159775114938,51.91809822672808,2266.39389076338,11578.633132344175,Volcanic Tuff,Rotating (Rotary),False,Nominal,Continue drilling. Optimize WOB for maximum ROP.,8.202987424967425,System operating in nominal envelope
2357.0,2357.0,25.128819226994906,98.8058563830872,58.73514379932844,2300.5344956436597,11352.149920010848,Volcanic Tuff,Rotating (Rotary),False,Nominal,Continue drilling. Optimize WOB for maximum ROP.,14.06653296951999,System operating in nominal envelope
2368.5,2368.5,24.081970482061454,99.32531266176657,56.35828177496147,2265.010907105442,10997.402273405292,Volcanic Tuff,Rotating (Rotary),False,Nominal,Continue drilling. Optimize WOB for maximum ROP.,6.9124212907612135,System operating in nominal envelope
2380.0,2380.0,26.362579509961634,0.0,36.680228532253324,2937.1401480026416,1203.3456788207427,Volcanic Tuff,Sliding (Directional),False,Nominal,Continue drilling. Optimize WOB for maximum ROP.,11.154289150329266,System operating in nominal envelope
2391.5,2391.5,28.37823246260452,0.0,39.11609970085066,2885.2036324172145,733.1919626643582,Volcanic Tuff,Sliding (Directional),False,Nominal,Continue drilling. Optimize WOB for maximum ROP.,9.057144241809478,System operating in nominal envelope
2403.0,2403.0,26.177858181437305,0.0,41.25294195413786,2924.2392156579954,831.1766429052435,Volcanic Tuff,Sliding (Directional),False,Nominal,Continue drilling. Optimize WOB for maximum ROP.,5.410823649555553,System operating in nominal envelope
2414.5,2414.5,25.23259812755541,0.02187895892097858,36.25373905462804,2936.304165597467,1072.151384760507,Volcanic Tuff,Sliding (Directional),False,Nominal,Continue drilling. Optimize WOB for maximum ROP.,8.472884743056976,System operating in nominal envelope
2426.0,2426.0,23.577145980198438,0.09429367142719915,39.33466990993864,2966.130612411876,1201.8130069232466,Volcanic Tuff,Sliding (Directional),False,Nominal,Continue drilling. Optimize WOB for maximum ROP.,7.652285225026746,System operating in nominal envelope
2437.5,2437.5,24.079811782423867,0.0,38.21193091655964,2916.8553269975087,1008.3587368433042,Volcanic Tuff,Sliding (Directional),False,Nominal,Continue drilling. Optimize WOB for maximum ROP.,11.860911539434868,System operating in nominal envelope
2449.0,2449.0,21.953563666513325,0.3059100638921228,33.472765155664625,2916.9698025355256,935.967839507887,Volcanic Tuff,Sliding (Directional),False,Nominal,Continue drilling. Optimize WOB for maximum ROP.,14.487904976919182,System operating in nominal envelope
2460.5,2460.5,22.021257990641615,0.16463411679238293,32.836072762856865,2923.67294917971,806.5058650388419,Volcanic Tuff,Sliding (Directional),False,Nominal,Continue drilling. Optimize WOB for maximum ROP.,7.680471873786377,System operating in nominal envelope
2472.0,2472.0,24.39558754127777,0.3338043050578786,35.197078105806625,2916.2702162159103,774.5285570322841,Volcanic Tuff,Sliding (Directional),False,Nominal,Continue drilling. Optimize WOB for maximum ROP.,13.114659391516817,System operating in nominal envelope
2483.5,2483.5,24.50909757445419,0.0,37.31646432083019,2922.3226283370545,965.3598204686983,Volcanic Tuff,Sliding (Directional),False,Nominal,Continue drilling. Optimize WOB for maximum ROP.,5.553598169384095,System operating in nominal envelope
2495.0,2495.0,28.328120970901622,0.2253130059095515,41.54005955731218,2917.877782736129,834.0211136887494,Volcanic Tuff,Sliding (Directional),False,Nominal,Continue drilling. Optimize WOB for maximum ROP.,10.381210100398132,System operating in nominal envelope
2506.5,2506.5,25.106593181226078,0.0027858583825892407,35.42518907317113,2924.91687282225,1029.7127141151782,Volcanic Tuff,Sliding (Directional),False,Nominal,Continue drilling. Optimize WOB for maximum ROP.,5.705500637098946,System operating in nominal envelope
2518.0,2518.0,23.967408387615574,0.0,34.14609698897638,2925.6211682446,918.4862843299353,Volcanic Tuff,Sliding (Directional),False,Nominal,Continue drilling. Optimize WOB for maximum ROP.,14.340329911306393,System operating in nominal envelope
2529.5,2529.5,25.191574409845416,0.0,38.20589041682554,2964.9598247145673,602.3545287410482,Volcanic Tuff,Sliding (Directional),False,Nominal,Continue drilling. Optimize WOB for maximum ROP.,12.663512805573902,System operating in nominal envelope
2541.0,2541.0,27.24295334649573,0.0,32.5830986868849,2919.7128101479916,944.2838701006312,Volcanic Tuff,Sliding (Directional),False,Nominal,Continue drilling. Optimize WOB for maximum ROP.,11.579499112045923,System operating in nominal envelope
2552.5,2552.5,23.599929962336425,0.0,38.610998963736854,2973.0067610855904,1140.3517589721191,Volcanic Tuff,Sliding (Directional),False,Nominal,Continue drilling. Optimize WOB for maximum ROP.,13.238963816246642,System operating in nominal envelope
2564.0,2564.0,26.299009715277823,0.0,33.00021242999312,2917.0069933430054,1073.4061841841876,Volcanic Tuff,Sliding (Directional),False,Nominal,Continue drilling. Optimize WOB for maximum ROP.,11.475197955701631,System operating in nominal envelope
2575.5,2575.5,26.2833971743103,0.0,36.749592450843586,2921.66947981126,1106.6439952305236,Volcanic Tuff,Sliding (Directional),False,Nominal,Continue drilling. Optimize WOB for maximum ROP.,14.68944397174291,System operating in nominal envelope
2587.0,2587.0,24.350260901525655,0.23186596067284962,37.08447783042887,2904.9334168100027,1092.3903410416397,Volcanic Tuff,Sliding (Directional),False,Nominal,Continue drilling. Optimize WOB for maximum ROP.,12.139579478647715,System operating in nominal envelope
2598.5,2598.5,24.44281640923482,0.0652266044484236,35.333970193003275,2901.6021605903675,1138.6040528810352,Volcanic Tuff,Sliding (Directional),False,Nominal,Continue drilling. Optimize WOB for maximum ROP.,14.246586095822467,System operating in nominal envelope
2610.0,2610.0,24.059098563065728,0.20980184516737788,32.24758435957121,2916.1914077364313,788.7308055454661,Volcanic Tuff,Sliding (Directional),False,Nominal,Continue drilling. Optimize WOB for maximum ROP.,10.17131892010638,System operating in nominal envelope
2621.5,2621.5,26.09081791242215,0.0,39.56702682865259,2978.589854549609,687.7105888174417,Volcanic Tuff,Sliding (Directional),False,Nominal,Continue drilling. Optimize WOB for maximum ROP.,6.170644129818626,System operating in nominal envelope
2633.0,2633.0,25.379831440964715,0.0,35.66532191954409,2922.017022829776,1059.8704171528107,Volcanic Tuff,Sliding (Directional),False,Nominal,Continue drilling. Optimize WOB for maximum ROP.,10.281777214230171,System operating in nominal envelope
2644.5,2644.5,26.98594338762974,0.02284552973240793,35.6218723466276,2940.3175440365467,945.4581681679216,Volcanic Tuff,Sliding (Directional),False,Nominal,Continue drilling. Optimize WOB for maximum ROP.,6.268728280630933,System operating in nominal envelope
2656.0,2656.0,25.554043184005707,0.0,36.13444723578787,2903.7753644473573,1111.4896141034073,Volcanic Tuff,Sliding (Directional),False,Nominal,Continue drilling. Optimize WOB for maximum ROP.,10.92493479176405,System operating in nominal envelope
2667.5,2667.5,24.66882999456518,0.003686786613078632,33.998814367844794,2947.0895426340417,919.0360479535958,Volcanic Tuff,Sliding (Directional),False,Nominal,Continue drilling. Optimize WOB for maximum ROP.,9.824930605276629,System operating in nominal envelope
2679.0,2679.0,25.352521459175826,0.0,38.065600183982696,2949.526318892862,744.612459364324,Volcanic Tuff,Sliding (Directional),False,Nominal,Continue drilling. Optimize WOB for maximum ROP.,11.225753978327816,System operating in nominal envelope
2690.5,2690.5,25.85067546834348,0.05120594686277513,38.0323326462908,2964.807274598638,1249.8211666693865,Volcanic Tuff,Sliding (Directional),False,Nominal,Continue drilling. Optimize WOB for maximum ROP.,5.100469810548316,System operating in nominal envelope
2702.0,2702.0,21.686426383603038,0.0,36.914732796055524,2925.539535557608,1003.9136575316251,Volcanic Tuff,Sliding (Directional),False,Nominal,Continue drilling. Optimize WOB for maximum ROP.,6.948404916553641,System operating in nominal envelope
2713.5,2713.5,23.69366113632376,0.037353352895415665,32.5850125320915,2923.195426691167,908.2723295512078,Volcanic Tuff,Sliding (Directional),False,Nominal,Continue drilling. Optimize WOB for maximum ROP.,9.913304319121309,System operating in nominal envelope
2725.0,2725.0,23.338180157000373,0.0,33.613852500128125,2918.603168675567,1158.046269491176,Volcanic Tuff,Sliding (Directional),False,Nominal,Continue drilling. Optimize WOB for maximum ROP.,14.505035615891348,System operating in nominal envelope
2736.5,2736.5,29.738287716707305,0.09866358017617785,37.32569722867023,2948.540903092372,871.246332972818,Volcanic Tuff,Sliding (Directional),False,Nominal,Continue drilling. Optimize WOB for maximum ROP.,8.836090403551584,System operating in nominal envelope
2748.0,2748.0,23.963851912772007,0.02440196292907229,38.33586498414277,3008.84211345672,985.5910150413025,Volcanic Tuff,Sliding (Directional),False,Nominal,Continue drilling. Optimize WOB for maximum ROP.,9.243720260536346,System operating in nominal envelope
2759.5,2759.5,23.7342824347734,0.0,39.828009255493086,2990.030015890888,905.9549413318349,Volcanic Tuff,Sliding (Directional),False,Nominal,Continue drilling. Optimize WOB for maximum ROP.,12.146960890066222,System operating in nominal envelope
2771.0,2771.0,26.273953483819856,0.0,37.149072414988694,2962.490193476388,1145.8831674440094,Volcanic Tuff,Sliding (Directional),False,Nominal,Continue drilling. Optimize WOB for maximum ROP.,11.03792757286118,System operating in nominal envelope
2782.5,2782.5,22.173595504197177,0.0,37.146512219489026,2941.4120341112125,988.834985634993,Volcanic Tuff,Sliding (Directional),False,Nominal,Continue drilling. Optimize WOB for maximum ROP.,7.989261500983332,System operating in nominal envelope
2794.0,2794.0,25.319861801679856,0.0,37.00952850784484,2958.024946275149,1091.5878617925734,Volcanic Tuff,Sliding (Directional),False,Nominal,Continue drilling. Optimize WOB for maximum ROP.,9.108163955674279,System operating in nominal envelope
2805.5,2805.5,26.94540530599832,0.16678443090978082,32.012837899589016,2960.919501980711,989.4751432812029,Volcanic Tuff,Sliding (Directional),False,Nominal,Continue drilling. Optimize WOB for maximum ROP.,7.1769979885723245,System operating in nominal envelope
2817.0,2817.0,25.773312794438656,0.04153753743262223,33.31762278408141,2957.1494709298845,808.4877136269536,Volcanic Tuff,Sliding (Directional),False,Nominal,Continue drilling. Optimize WOB for maximum ROP.,14.660214591302086,System operating in nominal envelope
2828.5,2828.5,26.895675135999227,0.0,35.816951313865424,2968.317517434316,1004.2477564195692,Volcanic Tuff,Sliding (Directional),False,Nominal,Continue drilling. Optimize WOB for maximum ROP.,6.306343815573597,System operating in nominal envelope
2840.0,2840.0,26.688910850756795,0.0,34.77238348827729,2954.6030194235245,930.6587066942436,Volcanic Tuff,Sliding (Directional),False,Nominal,Continue drilling. Optimize WOB for maximum ROP.,8.718367845664194,System operating in nominal envelope
2851.5,2851.5,24.44349017775645,0.04442675432674257,33.737133570006115,2941.151284458413,1188.3634188360281,Volcanic Tuff,Sliding (Directional),False,Nominal,Continue drilling. Optimize WOB for maximum ROP.,5.258389722200112,System operating in nominal envelope
2863.0,2863.0,24.663631040509554,0.0,38.07165021380443,2990.214447108843,1029.4832164767363,Volcanic Tuff,Sliding (Directional),False,Nominal,Continue drilling. Optimize WOB for maximum ROP.,7.217794919335464,System operating in nominal envelope
2874.5,2874.5,22.32599132853345,0.05341005317385177,38.14733084389704,2977.200769890586,1012.3425983913136,Volcanic Tuff,Sliding (Directional),False,Nominal,Continue drilling. Optimize WOB for maximum ROP.,12.80471138380155,System operating in nominal envelope
2886.0,2886.0,24.06888078981933,0.281869488037116,34.747619326848266,3013.3524530904815,945.5742159340512,Volcanic Tuff,Sliding (Directional),False,Nominal,Continue drilling. Optimize WOB for maximum ROP.,7.011752322888794,System operating in nominal envelope
2897.5,2897.5,27.616092058811862,0.3159144291461425,35.115984630063856,2943.7284993211683,936.9719774356214,Volcanic Tuff,Sliding (Directional),False,Nominal,Continue drilling. Optimize WOB for maximum ROP.,5.800634025289656,System operating in nominal envelope
2909.0,2909.0,22.5799890801383,0.0,35.67195900337974,2932.6164808311983,884.8303652343807,Volcanic Tuff,Sliding (Directional),False,Nominal,Continue drilling. Optimize WOB for maximum ROP.,9.744531798445234,System operating in nominal envelope
2920.5,2920.5,25.421586518565736,0.3101000985628154,35.2685251004926,2933.68114898153,1147.6483597714875,Volcanic Tuff,Sliding (Directional),False,Nominal,Continue drilling. Optimize WOB for maximum ROP.,5.099692347345185,System operating in nominal envelope
2932.0,2932.0,24.91096532262562,0.13496389843332077,36.124517468479375,2931.4919494609426,1057.3614619276077,Volcanic Tuff,Sliding (Directional),False,Nominal,Continue drilling. Optimize WOB for maximum ROP.,5.847661544263332,System operating in nominal envelope
2943.5,2943.5,25.886412275214667,0.05783372878156362,34.55525685124591,3021.862503497772,904.3390023623026,Volcanic Tuff,Sliding (Directional),False,Nominal,Continue drilling. Optimize WOB for maximum ROP.,13.07625869562975,System operating in nominal envelope
2955.0,2955.0,23.878347052435423,98.61130720209937,60.113815292763476,2320.465321817337,11742.191538185043,Volcanic Tuff,Rotating (Rotary),False,Nominal,Continue drilling. Optimize WOB for maximum ROP.,12.714733448596064,System operating in nominal envelope
2966.5,2966.5,23.97265667125094,97.91911106723943,57.27855454391984,2349.10538890966,10948.186291807877,Volcanic Tuff,Rotating (Rotary),False,Nominal,Continue drilling. Optimize WOB for maximum ROP.,14.15138820404896,System operating in nominal envelope
2978.0,2978.0,25.36526143753234,96.21063971250692,52.79396071425621,2376.9276300332513,12018.920218931558,Volcanic Tuff,Rotating (Rotary),False,Nominal,Continue drilling. Optimize WOB for maximum ROP.,13.545154359107496,System operating in nominal envelope
2989.5,2989.5,24.30213719211523,100.71466347681226,62.23673633955886,2347.5214197496753,11500.29618833881,Volcanic Tuff,Rotating (Rotary),False,Nominal,Continue drilling. Optimize WOB for maximum ROP.,11.831755632398181,System operating in nominal envelope
3001.0,3001.0,37.32760053552261,60.00425688865386,23.748235006159142,4005.597019299637,30701.824396383425,Granite Basement,Rotating (Rotary),False,Nominal,Continue drilling. Optimize WOB for maximum ROP.,5.523328573006628,System operating in nominal envelope
3012.5,3012.5,44.81931988136759,60.705971752409575,33.03178887820544,4046.5946987909724,31482.066197488555,Granite Basement,Rotating (Rotary),False,Nominal,Continue drilling. Optimize WOB for maximum ROP.,12.828486179866575,System operating in nominal envelope
3024.0,3024.0,47.60234321831976,60.6728280676992,29.182375321159967,4029.6840139370447,32640.223677759426,Granite Basement,Rotating (Rotary),False,Nominal,Continue drilling. Optimize WOB for maximum ROP.,13.455108108405604,System operating in nominal envelope
3035.5,3035.5,45.01748783779693,63.45982046331491,32.426147212430095,4033.8576977303237,32144.995075116003,Granite Basement,Rotating (Rotary),False,Nominal,Continue drilling. Optimize WOB for maximum ROP.,12.990821457719544,System operating in nominal envelope
3047.0,3047.0,41.117832288549984,63.268185077768244,34.50440833188521,4070.4268672397293,32776.870784766674,Granite Basement,Rotating (Rotary),False,Nominal,Continue drilling. Optimize WOB for maximum ROP.,10.084790353080262,System operating in nominal envelope
3058.5,3058.5,40.46509757284064,61.582204799207865,17.791288900497005,4048.347842160833,32817.507791427124,Granite Basement,Rotating (Rotary),False,Nominal,Continue drilling. Optimize WOB for maximum ROP.,7.329018386494816,System operating in nominal envelope
3070.0,3070.0,39.40095857371703,59.54008004323284,25.152352916951266,4046.3186205733705,32834.45335270224,Granite Basement,Rotating (Rotary),False,Nominal,Continue drilling. Optimize WOB for maximum ROP.,27.0,PROACTIVE ML WARNING: Impending Stick-Slip (27% risk). Adjust RPM immediately.
3081.5,3081.5,38.176458882993366,57.86464752681939,39.8407358971215,4065.1763391506806,32883.492869934846,Granite Basement,Rotating (Rotary),False,Nominal,Continue drilling. Optimize WOB for maximum ROP.,34.0,PROACTIVE ML WARNING: Impending Stick-Slip (34% risk). Adjust RPM immediately.
3093.0,3093.0,36.8304427071786,66.82146794704559,22.375753953859167,4053.6745920927688,33551.43914411592,Granite Basement,Rotating (Rotary),False,Nominal,Continue drilling. Optimize WOB for maximum ROP.,41.0,PROACTIVE ML WARNING: Impending Stick-Slip (41% risk). Adjust RPM immediately.
3104.5,3104.5,39.06028179792729,65.79730404427501,24.275083946027138,4053.025228078909,29717.279931702084,Granite Basement,Rotating (Rotary),False,Nominal,Continue drilling. Optimize WOB for maximum ROP.,48.0,PROACTIVE ML WARNING: Impending Stick-Slip (48% risk). Adjust RPM immediately.
3116.0,3116.0,42.07980064946713,52.71382924742407,31.5823543798288,4052.604241853672,29958.31816501483,Granite Basement,Rotating (Rotary),False,Nominal,Continue drilling. Optimize WOB for maximum ROP.,56.0,PROACTIVE ML WARNING: Impending Stick-Slip (56% risk). Adjust RPM immediately.
3127.5,3127.5,32.21188976182165,56.04552158555243,21.70029801584529,4059.6302968766126,35020.437898790406,Granite Basement,Rotating (Rotary),False,Nominal,Continue drilling. Optimize WOB for maximum ROP.,63.0,PROACTIVE ML WARNING: Impending Stick-Slip (63% risk). Adjust RPM immediately.
3139.0,3139.0,35.890241798565846,75.35855082825907,25.244109820405328,4014.919652489594,30485.806725250677,Granite Basement,Rotating (Rotary),False,Nominal,Continue drilling. Optimize WOB for maximum ROP.,70.0,PROACTIVE ML WARNING: Impending Stick-Slip (70% risk). Adjust RPM immediately.
3150.5,3150.5,36.092193947460075,66.92264005456612,17.313002406400862,4069.748911182484,29575.957596577777,Granite Basement,Rotating (Rotary),False,Nominal,Continue drilling. Optimize WOB for maximum ROP.,77.0,PROACTIVE ML WARNING: Impending Stick-Slip (77% risk). Adjust RPM immediately.
3162.0,3162.0,33.1348432850506,54.24226621763144,35.33444116996226,4069.2150294489666,29259.938198494805,Granite Basement,Rotating (Rotary),False,Nominal,Continue drilling. Optimize WOB for maximum ROP.,84.0,PROACTIVE ML WARNING: Impending Stick-Slip (84% risk). Adjust RPM immediately.
3173.5,3173.5,33.93367788796062,47.27920477541303,22.84937981485246,4036.582298252969,33852.96135671215,Granite Basement,Rotating (Rotary),False,Nominal,Continue drilling. Optimize WOB for maximum ROP.,92.0,PROACTIVE ML WARNING: Impending Stick-Slip (92% risk). Adjust RPM immediately.
3185.0,3185.0,37.083302980145945,15.0,5.0,4023.511514395239,48278.292535503264,Granite Basement,Rotating (Rotary),True,Severe Stick-Slip Vibration,Decrease WOB by 5 klbs and increase RPM by 15 to break torsional resonance.,5.248172114451491,System operating in nominal envelope
3196.5,3196.5,42.24572416003488,62.85681336594426,27.402585056131592,4067.1388304788443,32122.185870013567,Granite Basement,Rotating (Rotary),False,Nominal,Continue drilling. Optimize WOB for maximum ROP.,13.352440601588656,System operating in nominal envelope
3208.0,3208.0,40.442346487496664,65.32288132533108,23.318008723417076,4061.5530292425365,32274.232103286657,Granite Basement,Rotating (Rotary),False,Nominal,Continue drilling. Optimize WOB for maximum ROP.,8.653668415506528,System operating in nominal envelope
3219.5,3219.5,43.472445418708,60.309019244851825,13.126109223902834,4102.58351082277,31456.147517896377,Granite Basement,Rotating (Rotary),False,Nominal,Continue drilling. Optimize WOB for maximum ROP.,13.416154597578153,System operating in nominal envelope
3231.0,3231.0,38.486796776661,60.297370856312796,20.609005907567674,4079.496088724718,30787.33461460179,Granite Basement,Rotating (Rotary),False,Nominal,Continue drilling. Optimize WOB for maximum ROP.,10.546204912111449,System operating in nominal envelope
3242.5,3242.5,30.819745222406983,60.869234201877305,29.77915138669666,3998.803016834276,29770.37811675359,Granite Basement,Rotating (Rotary),False,Nominal,Continue drilling. Optimize WOB for maximum ROP.,14.016312294863601,System operating in nominal envelope
3254.0,3254.0,40.98604060287316,63.06364390446241,23.97262070291168,4036.14559642177,31447.899199092957,Granite Basement,Rotating (Rotary),False,Nominal,Continue drilling. Optimize WOB for maximum ROP.,14.261929864146266,System operating in nominal envelope
3265.5,3265.5,33.598214181068336,65.75849575441788,24.204332376358433,4083.1740572643916,31258.707122178006,Granite Basement,Rotating (Rotary),False,Nominal,Continue drilling. Optimize WOB for maximum ROP.,5.09098181280776,System operating in nominal envelope
3277.0,3277.0,38.7918546702007,56.89566282893927,16.38768792479864,4055.9805654369848,30755.273201186403,Granite Basement,Rotating (Rotary),False,Nominal,Continue drilling. Optimize WOB for maximum ROP.,5.754121759927883,System operating in nominal envelope
3288.5,3288.5,36.93181888703337,66.4942163171238,28.351629138306805,4079.101071531675,30876.272543157185,Granite Basement,Rotating (Rotary),False,Nominal,Continue drilling. Optimize WOB for maximum ROP.,7.503587295708555,System operating in nominal envelope
3300.0,3300.0,43.31755065902681,64.31158420728192,29.306497183463286,4065.4907592480045,30793.545038745513,Granite Basement,Rotating (Rotary),False,Nominal,Continue drilling. Optimize WOB for maximum ROP.,11.693154163635016,System operating in nominal envelope
3311.5,3311.5,39.49524446460265,64.23798305006933,19.932212392139682,4080.7992950420494,32646.111565128715,Granite Basement,Rotating (Rotary),False,Nominal,Continue drilling. Optimize WOB for maximum ROP.,13.88272196511506,System operating in nominal envelope
3323.0,3323.0,43.00609744941044,62.493999011731,37.1933249040559,4117.721521815632,30747.40690264619,Granite Basement,Rotating (Rotary),False,Nominal,Continue drilling. Optimize WOB for maximum ROP.,9.599419512939628,System operating in nominal envelope
3334.5,3334.5,38.75206097715806,60.371454990963876,27.223661192654564,4054.662854148642,31150.180739451804,Granite Basement,Rotating (Rotary),False,Nominal,Continue drilling. Optimize WOB for maximum ROP.,11.069731162742654,System operating in nominal envelope
3346.0,3346.0,39.9867748545349,60.565749990153556,37.129328092765405,4067.071135193475,33839.359231604154,Granite Basement,Rotating (Rotary),False,Nominal,Continue drilling. Optimize WOB for maximum ROP.,6.884998527955611,System operating in nominal envelope
3357.5,3357.5,39.658029944761324,62.0950086954205,16.22677650449212,4071.6007831679563,32169.961626221615,Granite Basement,Rotating (Rotary),False,Nominal,Continue drilling. Optimize WOB for maximum ROP.,13.049668338816854,System operating in nominal envelope
3369.0,3369.0,37.02196915779129,57.82853981530603,20.32778288652476,4079.500578065132,32206.737966155393,Granite Basement,Rotating (Rotary),False,Nominal,Continue drilling. Optimize WOB for maximum ROP.,14.673281113534697,System operating in nominal envelope
3380.5,3380.5,43.98114970050212,58.93558584249415,31.957947099852376,4033.8306279947546,31745.10138586749,Granite Basement,Rotating (Rotary),False,Nominal,Continue drilling. Optimize WOB for maximum ROP.,7.685989329145975,System operating in nominal envelope
3392.0,3392.0,44.398925227539905,60.85278934282765,22.68803252044977,4098.327020835783,31457.948751305226,Granite Basement,Rotating (Rotary),False,Nominal,Continue drilling. Optimize WOB for maximum ROP.,9.948259516005464,System operating in nominal envelope
3403.5,3403.5,41.35790776244936,63.63080719603355,34.48869429152063,4032.870196075394,33112.38206190068,Granite Basement,Rotating (Rotary),False,Nominal,Continue drilling. Optimize WOB for maximum ROP.,5.861161105063738,System operating in nominal envelope
3415.0,3415.0,35.622861734263786,62.989508833593526,19.817680830774805,4085.5507546570684,31784.65575227971,Granite Basement,Rotating (Rotary),False,Nominal,Continue drilling. Optimize WOB for maximum ROP.,10.591366564629684,System operating in nominal envelope
3426.5,3426.5,35.447831201835406,61.93611482252139,21.183331076145596,4103.438225481484,32093.61136881712,Granite Basement,Rotating (Rotary),False,Nominal,Continue drilling. Optimize WOB for maximum ROP.,10.027834418466806,System operating in nominal envelope
3438.0,3438.0,40.93245510046371,54.87864344842481,21.245448845336195,4103.759142509302,29600.232553574315,Granite Basement,Rotating (Rotary),False,Nominal,Continue drilling. Optimize WOB for maximum ROP.,6.444364841550776,System operating in nominal envelope
3449.5,3449.5,33.745254400420656,58.76329631069773,26.63342950115344,4104.9806696844635,30989.270288167416,Granite Basement,Rotating (Rotary),False,Nominal,Continue drilling. Optimize WOB for maximum ROP.,9.42066213118075,System operating in nominal envelope
3461.0,3461.0,37.8217018002591,63.1926020680578,31.571627827798267,4078.8005472765067,30098.972491186083,Granite Basement,Rotating (Rotary),False,Nominal,Continue drilling. Optimize WOB for maximum ROP.,8.341046520865632,System operating in nominal envelope
3472.5,3472.5,36.12372498398701,58.10854525335062,30.461685240062547,4067.0971209758522,33138.829691372666,Granite Basement,Rotating (Rotary),False,Nominal,Continue drilling. Optimize WOB for maximum ROP.,10.218308753051893,System operating in nominal envelope
3484.0,3484.0,36.675121889250136,61.126855739203926,26.902709436959807,4070.6791237195657,33767.80879804844,Granite Basement,Rotating (Rotary),False,Nominal,Continue drilling. Optimize WOB for maximum ROP.,10.856543354287993,System operating in nominal envelope
3495.5,3495.5,39.634158259326064,64.57570863507961,22.507741146954164,4085.6097289756626,31217.125976763793,Granite Basement,Rotating (Rotary),False,Nominal,Continue drilling. Optimize WOB for maximum ROP.,5.084955786072095,System operating in nominal envelope
3507.0,3507.0,37.727915214226556,61.906944408725394,29.568064586838403,4098.750738590925,31556.72490730157,Granite Basement,Rotating (Rotary),False,Nominal,Continue drilling. Optimize WOB for maximum ROP.,12.610059829495555,System operating in nominal envelope
3518.5,3518.5,37.69327699558739,62.19658797579022,26.633312416824744,4031.524982886697,32500.62982077511,Granite Basement,Rotating (Rotary),False,Nominal,Continue drilling. Optimize WOB for maximum ROP.,12.130142918617409,System operating in nominal envelope
3530.0,3530.0,41.79243841746668,54.75936155451578,32.422189407205124,4134.609367619519,31347.56812605455,Granite Basement,Rotating (Rotary),False,Nominal,Continue drilling. Optimize WOB for maximum ROP.,8.662863862065223,System operating in nominal envelope
3541.5,3541.5,34.04835747692298,63.53193476265643,38.54663828938757,4056.9846109206587,30818.84429492018,Granite Basement,Rotating (Rotary),False,Nominal,Continue drilling. Optimize WOB for maximum ROP.,5.529359355688182,System operating in nominal envelope
3553.0,3553.0,37.275406877099286,62.54358218294931,25.14318367909118,4105.991693267219,32041.284621666084,Granite Basement,Rotating (Rotary),False,Nominal,Continue drilling. Optimize WOB for maximum ROP.,12.549325397850504,System operating in nominal envelope
3564.5,3564.5,39.386851809371656,68.00853896309569,31.98497340965785,4083.71953007416,31719.600159012745,Granite Basement,Rotating (Rotary),False,Nominal,Continue drilling. Optimize WOB for maximum ROP.,14.551751604781325,System operating in nominal envelope
3576.0,3576.0,42.20099854524034,64.96757576390095,36.41407964548833,4102.04825555073,30251.83863529831,Granite Basement,Rotating (Rotary),False,Nominal,Continue drilling. Optimize WOB for maximum ROP.,7.4015159602201415,System operating in nominal envelope
3587.5,3587.5,33.64388750652898,62.75658866309758,26.498594318306452,4068.143103749516,31429.960925520452,Granite Basement,Rotating (Rotary),False,Nominal,Continue drilling. Optimize WOB for maximum ROP.,8.235246137370378,System operating in nominal envelope
3599.0,3599.0,39.22115741871104,63.05480188558821,22.14440957179107,4128.2627817264665,31995.259457253265,Granite Basement,Rotating (Rotary),False,Nominal,Continue drilling. Optimize WOB for maximum ROP.,6.83812889481815,System operating in nominal envelope
3610.5,3610.5,41.66353123949576,64.9736762223116,29.328912841562826,4058.149804621575,32152.360876276045,Granite Basement,Rotating (Rotary),False,Nominal,Continue drilling. Optimize WOB for maximum ROP.,10.769361233448397,System operating in nominal envelope
3622.0,3622.0,36.86925868723203,65.43926703327905,22.684654135442592,4086.008610324187,31637.129487190923,Granite Basement,Rotating (Rotary),False,Nominal,Continue drilling. Optimize WOB for maximum ROP.,6.548413946474549,System operating in nominal envelope
3633.5,3633.5,38.05920038080958,59.259312282762,17.56309375278071,4054.6787279351424,33241.19952904167,Granite Basement,Rotating (Rotary),False,Nominal,Continue drilling. Optimize WOB for maximum ROP.,8.561939434613794,System operating in nominal envelope
3645.0,3645.0,34.23270907206603,56.616524715990714,36.47931521703641,4075.6259563077624,30055.185945599012,Granite Basement,Rotating (Rotary),False,Nominal,Continue drilling. Optimize WOB for maximum ROP.,11.97013013934263,System operating in nominal envelope
3656.5,3656.5,41.83730493950201,60.27962413705569,21.531281485334468,4148.830895133608,32572.08791179482,Granite Basement,Rotating (Rotary),False,Nominal,Continue drilling. Optimize WOB for maximum ROP.,10.601159830093483,System operating in nominal envelope
3668.0,3668.0,28.502258283480423,67.72735643147685,31.771535283273266,4058.70068833091,29703.224568323076,Granite Basement,Rotating (Rotary),False,Nominal,Continue drilling. Optimize WOB for maximum ROP.,8.864625643279354,System operating in nominal envelope
3679.5,3679.5,47.271059144089236,65.46068204627629,30.48595824673034,4108.457728001309,32149.471741098492,Granite Basement,Rotating (Rotary),False,Nominal,Continue drilling. Optimize WOB for maximum ROP.,9.202496018075419,System operating in nominal envelope
3691.0,3691.0,40.883928641189705,62.70297855992344,18.26986912461326,4097.885027598797,31431.64830433372,Granite Basement,Rotating (Rotary),False,Nominal,Continue drilling. Optimize WOB for maximum ROP.,10.621108826232295,System operating in nominal envelope
3702.5,3702.5,36.93343470790626,57.767607964511534,15.61272118916014,4093.741509330131,30420.458510991197,Granite Basement,Rotating (Rotary),False,Nominal,Continue drilling. Optimize WOB for maximum ROP.,5.058647278871613,System operating in nominal envelope
3714.0,3714.0,38.683597774383216,65.4800057158615,16.478826162065435,4120.077915150057,29785.013340843492,Granite Basement,Rotating (Rotary),False,Nominal,Continue drilling. Optimize WOB for maximum ROP.,5.7850986845360985,System operating in nominal envelope
3725.5,3725.5,41.57493051435522,59.543781516154226,16.640582143036372,4092.4241712500743,32100.65689213481,Granite Basement,Rotating (Rotary),False,Nominal,Continue drilling. Optimize WOB for maximum ROP.,13.812580677630116,System operating in nominal envelope
3737.0,3737.0,38.40042692335465,58.66493626270449,11.893247625159313,4083.9258089012196,31849.20187208365,Granite Basement,Rotating (Rotary),False,Nominal,Continue drilling. Optimize WOB for maximum ROP.,5.778789890912908,System operating in nominal envelope
3748.5,3748.5,39.67380400424952,61.9509055026833,34.36746726780122,4113.692248860429,31744.51423439861,Granite Basement,Rotating (Rotary),False,Nominal,Continue drilling. Optimize WOB for maximum ROP.,12.068035962105052,System operating in nominal envelope
3760.0,3760.0,38.47585311006205,60.926486147186864,24.371336534475354,4103.857437575807,32093.281447707737,Granite Basement,Rotating (Rotary),False,Nominal,Continue drilling. Optimize WOB for maximum ROP.,14.200381641090527,System operating in nominal envelope
3771.5,3771.5,38.15424842657475,60.24502078048311,37.29678324822074,4085.1474770612267,29968.355043194733,Granite Basement,Rotating (Rotary),False,Nominal,Continue drilling. Optimize WOB for maximum ROP.,7.7068360430173115,System operating in nominal envelope
3783.0,3783.0,33.27331970551312,60.267737005510234,21.75838244498059,4084.6798183607702,32477.25741962333,Granite Basement,Rotating (Rotary),False,Nominal,Continue drilling. Optimize WOB for maximum ROP.,8.704914370595143,System operating in nominal envelope
3794.5,3794.5,42.74141987616019,60.31627343939033,40.30313337107775,4110.534854055595,30587.801017840346,Granite Basement,Rotating (Rotary),False,Nominal,Continue drilling. Optimize WOB for maximum ROP.,10.689214058447163,System operating in nominal envelope
3806.0,3806.0,33.48712600768785,62.774551775567566,22.59181379252942,4120.324422023302,31951.868614417035,Granite Basement,Rotating (Rotary),False,Nominal,Continue drilling. Optimize WOB for maximum ROP.,13.817089696385846,System operating in nominal envelope
3817.5,3817.5,37.50668134101298,62.10952867994777,40.79997481209427,4101.724949959287,32552.555995540042,Granite Basement,Rotating (Rotary),False,Nominal,Continue drilling. Optimize WOB for maximum ROP.,14.419055872604202,System operating in nominal envelope
3829.0,3829.0,35.88153121697023,58.57549255105231,17.892073283430044,4104.1129487912185,34317.042596718515,Granite Basement,Rotating (Rotary),False,Nominal,Continue drilling. Optimize WOB for maximum ROP.,12.395632481112681,System operating in nominal envelope
3840.5,3840.5,44.228643860687455,66.1942520351911,36.375814335776894,4093.4002939572997,32121.32952247032,Granite Basement,Rotating (Rotary),False,Nominal,Continue drilling. Optimize WOB for maximum ROP.,5.8661976085469405,System operating in nominal envelope
3852.0,3852.0,36.55931458424755,61.491049099744096,19.065490657498344,4093.617977151284,30391.88565008339,Granite Basement,Rotating (Rotary),False,Nominal,Continue drilling. Optimize WOB for maximum ROP.,11.691541555348508,System operating in nominal envelope
3863.5,3863.5,33.34902698630343,62.085208670648065,12.175193088852431,4089.8306692235337,31755.294215675498,Granite Basement,Rotating (Rotary),False,Nominal,Continue drilling. Optimize WOB for maximum ROP.,9.10303721872662,System operating in nominal envelope
3875.0,3875.0,39.257344882414934,64.08382240402231,33.33028434279702,4060.1566089357134,31908.469774273548,Granite Basement,Rotating (Rotary),False,Nominal,Continue drilling. Optimize WOB for maximum ROP.,9.707009994910615,System operating in nominal envelope
3886.5,3886.5,33.40336412897342,66.18143096709426,23.576155009801433,4121.3954752341515,30730.127053511816,Granite Basement,Rotating (Rotary),False,Nominal,Continue drilling. Optimize WOB for maximum ROP.,5.491483903451771,System operating in nominal envelope
3898.0,3898.0,40.121642267582544,62.19001347853103,25.287142262674195,4125.30889981116,30494.62443635733,Granite Basement,Rotating (Rotary),False,Nominal,Continue drilling. Optimize WOB for maximum ROP.,6.910621393463582,System operating in nominal envelope
3909.5,3909.5,32.62788491176107,61.72193484662825,33.394308131599324,4090.1623089633804,30696.801302691976,Granite Basement,Rotating (Rotary),False,Nominal,Continue drilling. Optimize WOB for maximum ROP.,12.905136075336477,System operating in nominal envelope
3921.0,3921.0,42.146978458258225,63.52284530226794,33.219542519841795,4086.3721808831856,31154.481972933278,Granite Basement,Rotating (Rotary),False,Nominal,Continue drilling. Optimize WOB for maximum ROP.,9.539588330478598,System operating in nominal envelope
3932.5,3932.5,38.53852427183164,67.79832384995423,21.650714872060988,4124.4329459848595,31709.717635207115,Granite Basement,Rotating (Rotary),False,Nominal,Continue drilling. Optimize WOB for maximum ROP.,8.016622416311488,System operating in nominal envelope
3944.0,3944.0,38.50745543817267,61.61882540904864,18.026480100139583,4133.222716917216,32544.718929939685,Granite Basement,Rotating (Rotary),False,Nominal,Continue drilling. Optimize WOB for maximum ROP.,8.840190739649582,System operating in nominal envelope
3955.5,3955.5,32.94131477648044,57.40948656724176,7.6380314935611295,4129.139783172814,30295.12366605813,Granite Basement,Rotating (Rotary),False,Nominal,Continue drilling. Optimize WOB for maximum ROP.,13.543995133256802,System operating in nominal envelope
3967.0,3967.0,39.47659869721766,68.23249879358198,24.621903124961495,4117.208227211502,32415.631925701193,Granite Basement,Rotating (Rotary),False,Nominal,Continue drilling. Optimize WOB for maximum ROP.,12.48999017404957,System operating in nominal envelope
3978.5,3978.5,37.62421931787366,64.29769120746943,26.444903327089705,4111.0231363952835,31791.992406966518,Granite Basement,Rotating (Rotary),False,Nominal,Continue drilling. Optimize WOB for maximum ROP.,7.723153971810827,System operating in nominal envelope
3990.0,3990.0,35.46125627615641,64.48010587384131,28.07747481113507,4114.826006082614,30674.726285833814,Granite Basement,Rotating (Rotary),False,Nominal,Continue drilling. Optimize WOB for maximum ROP.,6.175018402123733,System operating in nominal envelope
4001.5,4001.5,34.58582166919406,62.07045289342282,27.60770656988764,4119.892025083895,32685.797957888084,Granite Basement,Rotating (Rotary),False,Nominal,Continue drilling. Optimize WOB for maximum ROP.,7.519982216440717,System operating in nominal envelope
4013.0,4013.0,37.904897556768454,64.04441574800072,24.078679910809694,4155.795188725433,32109.128854536233,Granite Basement,Rotating (Rotary),False,Nominal,Continue drilling. Optimize WOB for maximum ROP.,14.207564510547337,System operating in nominal envelope
4024.5,4024.5,33.015022317069395,59.337215842311565,22.57901809731061,4114.329382391134,30834.412675242063,Granite Basement,Rotating (Rotary),False,Nominal,Continue drilling. Optimize WOB for maximum ROP.,10.815888378497554,System operating in nominal envelope
4036.0,4036.0,38.21526971460901,63.32423188589183,24.490005552556912,4121.117530548523,32031.259795058213,Granite Basement,Rotating (Rotary),False,Nominal,Continue drilling. Optimize WOB for maximum ROP.,10.334802087447828,System operating in nominal envelope
4047.5,4047.5,30.49322704785529,59.651661515453114,28.559458347971155,4103.531144440293,30179.01334081751,Granite Basement,Rotating (Rotary),False,Nominal,Continue drilling. Optimize WOB for maximum ROP.,20.0,PROACTIVE ML WARNING: Mud Pressure Dropping (20% risk). Leak suspected.
4059.0,4059.0,43.81685316290605,65.04690462924329,25.12987267473605,4086.050594893412,33127.872941440146,Granite Basement,Rotating (Rotary),False,Nominal,Continue drilling. Optimize WOB for maximum ROP.,25.0,PROACTIVE ML WARNING: Mud Pressure Dropping (25% risk). Leak suspected.
4070.5,4070.5,36.71907330975145,60.466493341147654,25.295163290053708,4068.0782578377975,31076.110914152978,Granite Basement,Rotating (Rotary),False,Nominal,Continue drilling. Optimize WOB for maximum ROP.,30.0,PROACTIVE ML WARNING: Mud Pressure Dropping (30% risk). Leak suspected.
4082.0,4082.0,38.610181127989485,62.007615050383535,31.21661142935406,4070.8167875769927,32800.18573206668,Granite Basement,Rotating (Rotary),False,Nominal,Continue drilling. Optimize WOB for maximum ROP.,35.0,PROACTIVE ML WARNING: Mud Pressure Dropping (35% risk). Leak suspected.
4093.5,4093.5,32.35738771989037,55.61519716274511,22.291782945615605,4067.5046644476483,30007.36846133036,Granite Basement,Rotating (Rotary),False,Nominal,Continue drilling. Optimize WOB for maximum ROP.,41.0,PROACTIVE ML WARNING: Mud Pressure Dropping (41% risk). Leak suspected.
4105.0,4105.0,33.55357050097443,57.49504890604995,19.61852095447693,4041.9365682051193,32328.99743505049,Granite Basement,Rotating (Rotary),False,Nominal,Continue drilling. Optimize WOB for maximum ROP.,46.0,PROACTIVE ML WARNING: Mud Pressure Dropping (46% risk). Leak suspected.
4116.5,4116.5,28.154039289849344,60.63438887936879,25.39353539032158,4022.448433468397,29885.02856689865,Granite Basement,Rotating (Rotary),False,Nominal,Continue drilling. Optimize WOB for maximum ROP.,51.0,PROACTIVE ML WARNING: Mud Pressure Dropping (51% risk). Leak suspected.
4128.0,4128.0,37.941822573142616,63.44822874900272,33.093943412650134,3999.8961758770197,30437.40871655734,Granite Basement,Rotating (Rotary),False,Nominal,Continue drilling. Optimize WOB for maximum ROP.,56.0,PROACTIVE ML WARNING: Mud Pressure Dropping (56% risk). Leak suspected.
4139.5,4139.5,37.39758762249751,61.93173865122517,17.275499373395554,3957.82830102317,31015.93578169887,Granite Basement,Rotating (Rotary),False,Nominal,Continue drilling. Optimize WOB for maximum ROP.,61.0,PROACTIVE ML WARNING: Mud Pressure Dropping (61% risk). Leak suspected.
4151.0,4151.0,37.34280497229099,66.27927120035586,35.180894488951424,3931.1158047600497,29737.990953518598,Granite Basement,Rotating (Rotary),False,Nominal,Continue drilling. Optimize WOB for maximum ROP.,67.0,PROACTIVE ML WARNING: Mud Pressure Dropping (67% risk). Leak suspected.
4162.5,4162.5,37.20457002682291,61.198179707120914,37.57767382295672,3975.6642838515686,30553.69530258629,Granite Basement,Rotating (Rotary),False,Nominal,Continue drilling. Optimize WOB for maximum ROP.,72.0,PROACTIVE ML WARNING: Mud Pressure Dropping (72% risk). Leak suspected.
4174.0,4174.0,40.576118311089225,58.46692322959275,29.03992482727073,3987.8527053316375,30392.85896988576,Granite Basement,Rotating (Rotary),False,Nominal,Continue drilling. Optimize WOB for maximum ROP.,77.0,PROACTIVE ML WARNING: Mud Pressure Dropping (77% risk). Leak suspected.
4185.5,4185.5,39.13731180554467,62.15085982769237,17.374024185369006,3957.211113251505,32295.283331573122,Granite Basement,Rotating (Rotary),False,Nominal,Continue drilling. Optimize WOB for maximum ROP.,82.0,PROACTIVE ML WARNING: Mud Pressure Dropping (82% risk). Leak suspected.
4197.0,4197.0,39.747894143168644,64.34688824046994,20.023556210027973,3952.7613478548324,32683.921132968037,Granite Basement,Rotating (Rotary),False,Nominal,Continue drilling. Optimize WOB for maximum ROP.,87.0,PROACTIVE ML WARNING: Mud Pressure Dropping (87% risk). Leak suspected.
4208.5,4208.5,38.701785162286654,64.51932709097427,17.50760347981739,3862.3896490372344,31726.62880194869,Granite Basement,Rotating (Rotary),False,Nominal,Continue drilling. Optimize WOB for maximum ROP.,93.0,PROACTIVE ML WARNING: Mud Pressure Dropping (93% risk). Leak suspected.
4220.0,4220.0,34.02173826580863,58.27932290453164,29.769962412124205,3499.1953749931445,30548.792394201973,Granite Basement,Rotating (Rotary),True,Drill String Washout Detected,Stop drilling immediately. Circulate bottoms up and pull out of hole for pipe inspection.,63.0,PROACTIVE ML WARNING: Impending Stick-Slip (63% risk). Adjust RPM immediately.
4231.5,4231.5,35.12417866343605,49.36792172677207,19.993669074941643,4176.053341298888,32378.962972072455,Granite Basement,Rotating (Rotary),False,Nominal,Continue drilling. Optimize WOB for maximum ROP.,70.0,PROACTIVE ML WARNING: Impending Stick-Slip (70% risk). Adjust RPM immediately.
4243.0,4243.0,43.04713773902642,68.672616100446,16.70926144911091,4150.83719430204,36378.34291550466,Granite Basement,Rotating (Rotary),False,Nominal,Continue drilling. Optimize WOB for maximum ROP.,77.0,PROACTIVE ML WARNING: Impending Stick-Slip (77% risk). Adjust RPM immediately.
4254.5,4254.5,41.5257924867087,74.6543534028386,25.159551747801142,4147.074806971581,31986.10028120772,Granite Basement,Rotating (Rotary),False,Nominal,Continue drilling. Optimize WOB for maximum ROP.,84.0,PROACTIVE ML WARNING: Impending Stick-Slip (84% risk). Adjust RPM immediately.
4266.0,4266.0,40.0455251003886,60.0454973889765,13.059450125440144,4132.156181761427,27254.92436190395,Granite Basement,Rotating (Rotary),False,Nominal,Continue drilling. Optimize WOB for maximum ROP.,92.0,PROACTIVE ML WARNING: Impending Stick-Slip (92% risk). Adjust RPM immediately.
4277.5,4277.5,30.52784496037119,19.800676612723983,5.0,4114.6197908569575,47421.571097014705,Granite Basement,Rotating (Rotary),True,Severe Stick-Slip Vibration,Decrease WOB by 5 klbs and increase RPM by 15 to break torsional resonance.,9.063664052774616,System operating in nominal envelope
4289.0,4289.0,39.16814545167458,64.03934303134824,22.72987497522327,4164.631837208994,30863.279437082718,Granite Basement,Rotating (Rotary),False,Nominal,Continue drilling. Optimize WOB for maximum ROP.,9.850729091426954,System operating in nominal envelope
4300.5,4300.5,39.07380381185554,61.37827218454113,29.585071173978612,4184.223639400499,32036.144647188972,Granite Basement,Rotating (Rotary),False,Nominal,Continue drilling. Optimize WOB for maximum ROP.,10.408270639715397,System operating in nominal envelope
4312.0,4312.0,40.51894882093617,64.9336846437133,27.037628433320076,4149.485538967593,30083.859512832216,Granite Basement,Rotating (Rotary),False,Nominal,Continue drilling. Optimize WOB for maximum ROP.,13.183606413952166,System operating in nominal envelope
4323.5,4323.5,35.52484380359105,60.67845829562561,24.161663983194067,4160.539100468877,32852.205114005534,Granite Basement,Rotating (Rotary),False,Nominal,Continue drilling. Optimize WOB for maximum ROP.,6.7167819504321695,System operating in nominal envelope
4335.0,4335.0,39.173565447876065,66.2555373615881,28.297873306799737,4152.818829487214,34341.03796068499,Granite Basement,Rotating (Rotary),False,Nominal,Continue drilling. Optimize WOB for maximum ROP.,13.078314518266223,System operating in nominal envelope
4346.5,4346.5,31.309101515207892,63.883354052761334,29.116178269651684,4157.248959622069,32908.410007458355,Granite Basement,Rotating (Rotary),False,Nominal,Continue drilling. Optimize WOB for maximum ROP.,11.928784276966521,System operating in nominal envelope
4358.0,4358.0,37.47386726086166,58.939254409276586,19.58802178148411,4143.41441856785,30571.231664003444,Granite Basement,Rotating (Rotary),False,Nominal,Continue drilling. Optimize WOB for maximum ROP.,10.558708141989595,System operating in nominal envelope
4369.5,4369.5,40.23659793679832,66.17476126087851,27.37898027847307,4159.426788245575,30194.09569625758,Granite Basement,Rotating (Rotary),False,Nominal,Continue drilling. Optimize WOB for maximum ROP.,11.995278704025718,System operating in nominal envelope
4381.0,4381.0,42.54719964925347,60.47554273920154,18.034772820574975,4147.129570833176,31516.039508644284,Granite Basement,Rotating (Rotary),False,Nominal,Continue drilling. Optimize WOB for maximum ROP.,9.120177389516563,System operating in nominal envelope
4392.5,4392.5,40.463465648606665,61.69762962848055,20.67531691754208,4161.888311097675,30530.858541840105,Granite Basement,Rotating (Rotary),False,Nominal,Continue drilling. Optimize WOB for maximum ROP.,6.383975859681246,System operating in nominal envelope
4404.0,4404.0,40.745049159745534,61.067917119770584,25.707603915714333,4195.494096280835,31063.597285308853,Granite Basement,Rotating (Rotary),False,Nominal,Continue drilling. Optimize WOB for maximum ROP.,11.657652402653673,System operating in nominal envelope
4415.5,4415.5,41.543845161117744,58.45408566766742,33.59563918604658,4109.21977970048,29833.983304489455,Granite Basement,Rotating (Rotary),False,Nominal,Continue drilling. Optimize WOB for maximum ROP.,10.246723066856223,System operating in nominal envelope
4427.0,4427.0,35.902939045608704,68.39549821417063,35.72003563951586,4140.053810033565,31701.530023091163,Granite Basement,Rotating (Rotary),False,Nominal,Continue drilling. Optimize WOB for maximum ROP.,11.393748005427755,System operating in nominal envelope
4438.5,4438.5,45.623152975004665,67.153758941591,28.503204813928992,4185.289155764828,32618.276278186117,Granite Basement,Rotating (Rotary),False,Nominal,Continue drilling. Optimize WOB for maximum ROP.,8.3799878102849,System operating in nominal envelope
4450.0,4450.0,40.95777208943322,60.62203570917867,22.706596868810543,4135.5450279144425,31496.31509250724,Granite Basement,Rotating (Rotary),False,Nominal,Continue drilling. Optimize WOB for maximum ROP.,14.068665773398358,System operating in nominal envelope
4461.5,4461.5,36.27773341255635,63.74096861864179,35.229228616019995,4180.8026302142625,31596.540319830696,Granite Basement,Rotating (Rotary),False,Nominal,Continue drilling. Optimize WOB for maximum ROP.,10.87369868575577,System operating in nominal envelope
4473.0,4473.0,33.66158136629268,61.515851351800706,23.371626787595485,4139.91944198493,29461.742014156218,Granite Basement,Rotating (Rotary),False,Nominal,Continue drilling. Optimize WOB for maximum ROP.,5.854024842908738,System operating in nominal envelope
4484.5,4484.5,37.53735946814352,65.78362435810533,38.09110350413983,4174.53029211387,30381.587987832507,Granite Basement,Rotating (Rotary),False,Nominal,Continue drilling. Optimize WOB for maximum ROP.,9.498039907044287,System operating in nominal envelope
4496.0,4496.0,42.63992804299634,63.45524425867154,21.171228501859996,4154.0178975287545,30452.29235349796,Granite Basement,Rotating (Rotary),False,Nominal,Continue drilling. Optimize WOB for maximum ROP.,12.563560547436342,System operating in nominal envelope
4507.5,4507.5,42.13724475487591,66.71146576483652,15.490907507003515,4199.181088206805,30966.17643140939,Granite Basement,Rotating (Rotary),False,Nominal,Continue drilling. Optimize WOB for maximum ROP.,12.941345617322725,System operating in nominal envelope
4519.0,4519.0,38.53536773826257,57.57890158609287,20.45812258580136,4169.59919285462,31338.817975761853,Granite Basement,Rotating (Rotary),False,Nominal,Continue drilling. Optimize WOB for maximum ROP.,9.945970527637588,System operating in nominal envelope
4530.5,4530.5,31.940128344386178,63.28400026642429,2.1708071790594623,4149.122479008452,30222.450815404365,Granite Basement,Rotating (Rotary),False,Nominal,Continue drilling. Optimize WOB for maximum ROP.,13.94747570831301,System operating in nominal envelope
4542.0,4542.0,37.89544336080758,66.43062899167435,19.423188341250466,4204.891480363696,31000.850887807792,Granite Basement,Rotating (Rotary),False,Nominal,Continue drilling. Optimize WOB for maximum ROP.,7.676684371942976,System operating in nominal envelope
4553.5,4553.5,39.78134217308509,59.50403640202927,33.32469250152074,4171.824797495487,32336.559663996082,Granite Basement,Rotating (Rotary),False,Nominal,Continue drilling. Optimize WOB for maximum ROP.,9.105986972382667,System operating in nominal envelope
4565.0,4565.0,37.61941450937618,61.490815624557584,22.278760421548398,4143.250435331086,30597.046653388472,Granite Basement,Rotating (Rotary),False,Nominal,Continue drilling. Optimize WOB for maximum ROP.,13.985969105689701,System operating in nominal envelope
4576.5,4576.5,39.39598892590148,64.28396156558313,21.93946063207648,4146.040526232991,33130.0159173038,Granite Basement,Rotating (Rotary),False,Nominal,Continue drilling. Optimize WOB for maximum ROP.,13.96256716471579,System operating in nominal envelope
4588.0,4588.0,37.91880428147594,60.13197080213044,29.600013617902494,4106.433993493177,32465.377572826266,Granite Basement,Rotating (Rotary),False,Nominal,Continue drilling. Optimize WOB for maximum ROP.,11.857127688246809,System operating in nominal envelope
4599.5,4599.5,36.93095528295079,62.16747679306218,19.97919965216816,4180.858480442603,29793.699924279896,Granite Basement,Rotating (Rotary),False,Nominal,Continue drilling. Optimize WOB for maximum ROP.,13.589805471222201,System operating in nominal envelope
4611.0,4611.0,41.018205782562944,58.86427644207688,27.5448678664948,4176.218948304166,30018.61266935124,Granite Basement,Rotating (Rotary),False,Nominal,Continue drilling. Optimize WOB for maximum ROP.,5.887732669562327,System operating in nominal envelope
4622.5,4622.5,37.86456236726956,57.96217046023622,17.842081478690705,4198.918483861429,30697.82599813653,Granite Basement,Rotating (Rotary),False,Nominal,Continue drilling. Optimize WOB for maximum ROP.,13.649949762077764,System operating in nominal envelope
4634.0,4634.0,38.762162949477585,64.87159337357178,27.259005402512354,4145.32445452554,31567.354396033985,Granite Basement,Rotating (Rotary),False,Nominal,Continue drilling. Optimize WOB for maximum ROP.,8.206199065502268,System operating in nominal envelope
4645.5,4645.5,40.633801307599946,62.44110388819306,24.65469351115245,4162.4643040229175,30596.271479051597,Granite Basement,Rotating (Rotary),False,Nominal,Continue drilling. Optimize WOB for maximum ROP.,6.783315124282163,System operating in nominal envelope
4657.0,4657.0,33.92587175445469,54.696623791263484,6.041713489882028,4183.473995103942,32487.096846466124,Granite Basement,Rotating (Rotary),False,Nominal,Continue drilling. Optimize WOB for maximum ROP.,7.393698363420463,System operating in nominal envelope
4668.5,4668.5,34.163023322102234,63.547885652512996,18.467177646658577,4224.917386742792,31522.706728781544,Granite Basement,Rotating (Rotary),False,Nominal,Continue drilling. Optimize WOB for maximum ROP.,9.17968508013887,System operating in nominal envelope
4680.0,4680.0,37.304993523801606,65.43719104787046,20.331149231416553,4158.250895521886,30627.28232873792,Granite Basement,Rotating (Rotary),False,Nominal,Continue drilling. Optimize WOB for maximum ROP.,7.511920046044672,System operating in nominal envelope
4691.5,4691.5,34.37735128861689,62.30667578998699,22.082113383840213,4215.936961461739,31852.802566242703,Granite Basement,Rotating (Rotary),False,Nominal,Continue drilling. Optimize WOB for maximum ROP.,8.205675860164991,System operating in nominal envelope
4703.0,4703.0,36.89111717812093,58.092022978258356,22.628352656711243,4198.317744428678,31415.00178086202,Granite Basement,Rotating (Rotary),False,Nominal,Continue drilling. Optimize WOB for maximum ROP.,6.3497848607164205,System operating in nominal envelope
4714.5,4714.5,50.13380875781047,62.74688227091421,32.72818738989534,4158.36522374762,31034.417504943547,Granite Basement,Rotating (Rotary),False,Nominal,Continue drilling. Optimize WOB for maximum ROP.,7.961767655589985,System operating in nominal envelope
4726.0,4726.0,38.430427560043505,58.40430505420658,38.23706309925335,4201.0607233643805,30770.38665859142,Granite Basement,Rotating (Rotary),False,Nominal,Continue drilling. Optimize WOB for maximum ROP.,10.722838145420011,System operating in nominal envelope
4737.5,4737.5,42.10418264971567,60.88169526085312,30.481079930928868,4211.025409043378,31574.098217495924,Granite Basement,Rotating (Rotary),False,Nominal,Continue drilling. Optimize WOB for maximum ROP.,9.418537080910639,System operating in nominal envelope
4749.0,4749.0,39.84198470571901,59.88410836252282,21.455707475990287,4163.831254192063,32624.717212798627,Granite Basement,Rotating (Rotary),False,Nominal,Continue drilling. Optimize WOB for maximum ROP.,8.467187612359112,System operating in nominal envelope
4760.5,4760.5,36.46613583968041,59.61219355162662,15.886749851667526,4191.429976639836,33752.27721181352,Granite Basement,Rotating (Rotary),False,Nominal,Continue drilling. Optimize WOB for maximum ROP.,12.46452128857114,System operating in nominal envelope
4772.0,4772.0,38.09203393535648,65.53055138853857,15.925809186083713,4179.768965218857,31993.99000150471,Granite Basement,Rotating (Rotary),False,Nominal,Continue drilling. Optimize WOB for maximum ROP.,13.935099713933178,System operating in nominal envelope
4783.5,4783.5,39.627566969389065,61.53213933748863,43.68068367934147,4207.323249891997,32796.62556830871,Granite Basement,Rotating (Rotary),False,Nominal,Continue drilling. Optimize WOB for maximum ROP.,12.56789222902397,System operating in nominal envelope
4795.0,4795.0,40.202606058211586,62.81449079145542,26.572477210308854,4188.459607539434,31114.34240825073,Granite Basement,Rotating (Rotary),False,Nominal,Continue drilling. Optimize WOB for maximum ROP.,8.320007021176792,System operating in nominal envelope
4806.5,4806.5,36.877474641471686,62.421152440674035,32.66307706458075,4217.4599383902,30400.85551871463,Granite Basement,Rotating (Rotary),False,Nominal,Continue drilling. Optimize WOB for maximum ROP.,12.444421678375537,System operating in nominal envelope
4818.0,4818.0,43.00503725589149,61.704828682522304,33.85715855386443,4132.393627524785,30836.25839009288,Granite Basement,Rotating (Rotary),False,Nominal,Continue drilling. Optimize WOB for maximum ROP.,6.519801824740512,System operating in nominal envelope
4829.5,4829.5,37.913101363264246,59.50174441926272,28.155175118330483,4173.740626969295,32417.95706894297,Granite Basement,Rotating (Rotary),False,Nominal,Continue drilling. Optimize WOB for maximum ROP.,6.303179880912909,System operating in nominal envelope
4841.0,4841.0,37.09205802315516,61.08293897046328,36.27685523996776,4177.486046273904,30492.728078527634,Granite Basement,Rotating (Rotary),False,Nominal,Continue drilling. Optimize WOB for maximum ROP.,8.45627037036159,System operating in nominal envelope
4852.5,4852.5,36.77518221699691,65.04289630206374,20.719685623342833,4226.232901298061,32590.15550077757,Granite Basement,Rotating (Rotary),False,Nominal,Continue drilling. Optimize WOB for maximum ROP.,13.07702369044057,System operating in nominal envelope
4864.0,4864.0,39.53417434327912,61.93951098402271,15.0392975871855,4166.527453481746,31854.20033563999,Granite Basement,Rotating (Rotary),False,Nominal,Continue drilling. Optimize WOB for maximum ROP.,7.463482472423019,System operating in nominal envelope
4875.5,4875.5,42.51318167615394,60.83845675675402,22.032322199849013,4195.068991396821,31809.350355728388,Granite Basement,Rotating (Rotary),False,Nominal,Continue drilling. Optimize WOB for maximum ROP.,5.632534088986796,System operating in nominal envelope
4887.0,4887.0,40.22943644560604,60.81274085844369,24.96048480455273,4212.742432436431,30030.19018917055,Granite Basement,Rotating (Rotary),False,Nominal,Continue drilling. Optimize WOB for maximum ROP.,6.317095352063551,System operating in nominal envelope
4898.5,4898.5,45.36793019642148,59.499171688486065,25.364821542740945,4174.936375736879,32061.187371827535,Granite Basement,Rotating (Rotary),False,Nominal,Continue drilling. Optimize WOB for maximum ROP.,13.587449685295802,System operating in nominal envelope
4910.0,4910.0,39.332394377239524,63.22296782536916,27.114621792656695,4208.668036714044,32711.792227416197,Granite Basement,Rotating (Rotary),False,Nominal,Continue drilling. Optimize WOB for maximum ROP.,11.337832847472876,System operating in nominal envelope
4921.5,4921.5,37.08322091244954,63.68143425300683,16.593577284503123,4241.21704837238,31355.16394895023,Granite Basement,Rotating (Rotary),False,Nominal,Continue drilling. Optimize WOB for maximum ROP.,7.532011633699767,System operating in nominal envelope
4933.0,4933.0,42.2069065432905,61.699047090116004,19.931505786750186,4140.323261349649,32425.384471448262,Granite Basement,Rotating (Rotary),False,Nominal,Continue drilling. Optimize WOB for maximum ROP.,10.552958253281814,System operating in nominal envelope
4944.5,4944.5,37.655973527244186,62.82995082642254,20.69030358366919,4200.322491994477,32274.72138431583,Granite Basement,Rotating (Rotary),False,Nominal,Continue drilling. Optimize WOB for maximum ROP.,10.275796224253504,System operating in nominal envelope
4956.0,4956.0,39.94980203306911,61.351133306040204,16.890665864461074,4214.950262022187,32171.981292542256,Granite Basement,Rotating (Rotary),False,Nominal,Continue drilling. Optimize WOB for maximum ROP.,11.554359784406612,System operating in nominal envelope
4967.5,4967.5,42.126732041465125,60.66009138721488,37.970195943642935,4217.601444957028,31901.077746234263,Granite Basement,Rotating (Rotary),False,Nominal,Continue drilling. Optimize WOB for maximum ROP.,7.331875544216163,System operating in nominal envelope
4979.0,4979.0,37.15082926698696,61.12670800970451,30.07955845475958,4197.834509852806,31168.92767714497,Granite Basement,Rotating (Rotary),False,Nominal,Continue drilling. Optimize WOB for maximum ROP.,13.644029871943976,System operating in nominal envelope
4990.5,4990.5,31.858019687940967,59.36579395213411,37.000661631622634,4172.54492696052,32537.735890435146,Granite Basement,Rotating (Rotary),False,Nominal,Continue drilling. Optimize WOB for maximum ROP.,8.093685620800128,System operating in nominal envelope
5002.0,5002.0,37.60309296955761,61.577945692024976,16.952116180151638,4201.911304077829,32768.77110644814,Granite Basement,Rotating (Rotary),False,Nominal,Continue drilling. Optimize WOB for maximum ROP.,11.941316539762369,System operating in nominal envelope
5013.5,5013.5,38.90580213439218,64.43799407445607,31.607950303510272,4213.607354248496,31707.023125325828,Granite Basement,Rotating (Rotary),False,Nominal,Continue drilling. Optimize WOB for maximum ROP.,5.161246463722149,System operating in nominal envelope
5025.0,5025.0,27.727717286602896,63.694688298827266,27.885139756389854,4185.648107921815,29500.94887663275,Granite Basement,Rotating (Rotary),False,Nominal,Continue drilling. Optimize WOB for maximum ROP.,8.726571298941472,System operating in nominal envelope
5036.5,5036.5,43.21990247161924,61.65637871343077,33.99334984723876,4226.741863680074,33260.607857723604,Granite Basement,Rotating (Rotary),False,Nominal,Continue drilling. Optimize WOB for maximum ROP.,8.517098179588082,System operating in nominal envelope
5048.0,5048.0,44.23186521161129,63.85531872767973,22.129925090212392,4205.72584097254,29750.653333408292,Granite Basement,Rotating (Rotary),False,Nominal,Continue drilling. Optimize WOB for maximum ROP.,10.434844285830145,System operating in nominal envelope
5059.5,5059.5,34.79566293779847,67.42735679374454,28.191288857907555,4200.362854689191,31634.539649008657,Granite Basement,Rotating (Rotary),False,Nominal,Continue drilling. Optimize WOB for maximum ROP.,5.7273626177719645,System operating in nominal envelope
5071.0,5071.0,38.16568929621533,66.23762760107688,18.357223548694833,4190.113765956639,31712.51134111907,Granite Basement,Rotating (Rotary),False,Nominal,Continue drilling. Optimize WOB for maximum ROP.,12.901313737261084,System operating in nominal envelope
5082.5,5082.5,32.983914457361315,60.47057727273679,18.737600552958696,4205.67408007379,31031.20197082715,Granite Basement,Rotating (Rotary),False,Nominal,Continue drilling. Optimize WOB for maximum ROP.,7.1778080176756855,System operating in nominal envelope
5094.0,5094.0,32.65599363804703,61.79223606842827,24.626542122302226,4169.901990649226,32329.981112349047,Granite Basement,Rotating (Rotary),False,Nominal,Continue drilling. Optimize WOB for maximum ROP.,11.770378148820102,System operating in nominal envelope
5105.5,5105.5,32.46130430203326,61.22697730737534,34.1874233897759,4189.636089860235,31848.538565377745,Granite Basement,Rotating (Rotary),False,Nominal,Continue drilling. Optimize WOB for maximum ROP.,13.032121232440932,System operating in nominal envelope
5117.0,5117.0,30.87434461534617,62.287565197868545,25.620294374606438,4205.356680110834,32233.103363483908,Granite Basement,Rotating (Rotary),False,Nominal,Continue drilling. Optimize WOB for maximum ROP.,10.618769562415132,System operating in nominal envelope
5128.5,5128.5,35.14251653939249,61.20236516083345,24.161968529906762,4190.379353579912,32674.999795349668,Granite Basement,Rotating (Rotary),False,Nominal,Continue drilling. Optimize WOB for maximum ROP.,12.408832067219855,System operating in nominal envelope
5140.0,5140.0,45.224524605861426,61.84834796546345,10.296138460454817,4193.489830827239,29847.023883266793,Granite Basement,Rotating (Rotary),False,Nominal,Continue drilling. Optimize WOB for maximum ROP.,11.618603122150056,System operating in nominal envelope
5151.5,5151.5,31.980283416579137,62.66781662752871,30.80229118697848,4224.838125580748,29773.33975338091,Granite Basement,Rotating (Rotary),False,Nominal,Continue drilling. Optimize WOB for maximum ROP.,8.555297971520076,System operating in nominal envelope
5163.0,5163.0,36.16436800360293,62.36698252996387,21.959167075915673,4253.345515706385,32479.34853292516,Granite Basement,Rotating (Rotary),False,Nominal,Continue drilling. Optimize WOB for maximum ROP.,13.088585390335654,System operating in nominal envelope
5174.5,5174.5,34.61346954342191,56.62046149667674,16.497435593651,4195.981167018939,31269.44577920016,Granite Basement,Rotating (Rotary),False,Nominal,Continue drilling. Optimize WOB for maximum ROP.,7.9470136988552795,System operating in nominal envelope
5186.0,5186.0,37.50122352504924,62.19212970739692,25.28177550694713,4209.258600454798,30790.197181740783,Granite Basement,Rotating (Rotary),False,Nominal,Continue drilling. Optimize WOB for maximum ROP.,10.712129177515171,System operating in nominal envelope
5197.5,5197.5,39.679374468363754,59.27400230639289,24.143257134380843,4251.073309493657,31392.341759545587,Granite Basement,Rotating (Rotary),False,Nominal,Continue drilling. Optimize WOB for maximum ROP.,12.453977391415396,System operating in nominal envelope
5209.0,5209.0,40.691214808374916,62.58304032815875,19.34547595273267,4240.548415847831,31813.539588400392,Granite Basement,Rotating (Rotary),False,Nominal,Continue drilling. Optimize WOB for maximum ROP.,8.789559098125075,System operating in nominal envelope
5220.5,5220.5,39.373713395783184,59.140684481698344,22.4183118847287,4220.353992644414,31463.71285021625,Granite Basement,Rotating (Rotary),False,Nominal,Continue drilling. Optimize WOB for maximum ROP.,8.02767607617425,System operating in nominal envelope
5232.0,5232.0,37.51155745653206,57.2953773862559,25.214908579180243,4204.841877306477,31601.3866320461,Granite Basement,Rotating (Rotary),False,Nominal,Continue drilling. Optimize WOB for maximum ROP.,9.593460101728226,System operating in nominal envelope
5243.5,5243.5,34.09483446448136,65.16426960216175,27.246677150224805,4197.825628794637,32558.647262975195,Granite Basement,Rotating (Rotary),False,Nominal,Continue drilling. Optimize WOB for maximum ROP.,13.179634943491536,System operating in nominal envelope
5255.0,5255.0,35.54433622259355,67.16909823117574,31.304425617126636,4190.5590792060875,32809.365271383045,Granite Basement,Rotating (Rotary),False,Nominal,Continue drilling. Optimize WOB for maximum ROP.,27.0,PROACTIVE ML WARNING: Impending Stick-Slip (27% risk). Adjust RPM immediately.
5266.5,5266.5,35.45164320550875,68.197840793695,25.378445974661275,4215.068837135026,31518.2994753634,Granite Basement,Rotating (Rotary),False,Nominal,Continue drilling. Optimize WOB for maximum ROP.,34.0,PROACTIVE ML WARNING: Impending Stick-Slip (34% risk). Adjust RPM immediately.
5278.0,5278.0,37.48962678241192,62.41106818573288,33.01298584587396,4242.077218013805,28610.63926570008,Granite Basement,Rotating (Rotary),False,Nominal,Continue drilling. Optimize WOB for maximum ROP.,41.0,PROACTIVE ML WARNING: Impending Stick-Slip (41% risk). Adjust RPM immediately.
5289.5,5289.5,31.682530445464437,58.84318920331246,19.677811411545157,4251.3276284206895,30717.719531615512,Granite Basement,Rotating (Rotary),False,Nominal,Continue drilling. Optimize WOB for maximum ROP.,48.0,PROACTIVE ML WARNING: Impending Stick-Slip (48% risk). Adjust RPM immediately.
5301.0,5301.0,33.79832225975345,63.14119524954394,32.45834647050903,4216.379142895356,34057.00082646182,Granite Basement,Rotating (Rotary),False,Nominal,Continue drilling. Optimize WOB for maximum ROP.,56.0,PROACTIVE ML WARNING: Impending Stick-Slip (56% risk). Adjust RPM immediately.
5312.5,5312.5,43.303598481001835,69.48680176886187,16.075387494628966,4219.769453156387,29337.663631402575,Granite Basement,Rotating (Rotary),False,Nominal,Continue drilling. Optimize WOB for maximum ROP.,63.0,PROACTIVE ML WARNING: Impending Stick-Slip (63% risk). Adjust RPM immediately.
5324.0,5324.0,41.66643620577034,65.1567521783874,21.699316247112158,4195.061278203002,28411.69196071786,Granite Basement,Rotating (Rotary),False,Nominal,Continue drilling. Optimize WOB for maximum ROP.,70.0,PROACTIVE ML WARNING: Impending Stick-Slip (70% risk). Adjust RPM immediately.
5335.5,5335.5,39.06461240351451,47.97705609511608,21.49016274132508,4237.441526111603,31019.868920310146,Granite Basement,Rotating (Rotary),False,Nominal,Continue drilling. Optimize WOB for maximum ROP.,77.0,PROACTIVE ML WARNING: Impending Stick-Slip (77% risk). Adjust RPM immediately.
5347.0,5347.0,40.07588014241406,61.24058413455858,20.62844151003945,4216.850352736836,34525.1048954222,Granite Basement,Rotating (Rotary),False,Nominal,Continue drilling. Optimize WOB for maximum ROP.,84.0,PROACTIVE ML WARNING: Impending Stick-Slip (84% risk). Adjust RPM immediately.
5358.5,5358.5,36.59395808644791,76.22977942088126,18.75434958297838,4268.646179262618,32560.239993595816,Granite Basement,Rotating (Rotary),False,Nominal,Continue drilling. Optimize WOB for maximum ROP.,92.0,PROACTIVE ML WARNING: Impending Stick-Slip (92% risk). Adjust RPM immediately.
5370.0,5370.0,40.648426737140795,15.0,5.0,4258.928115939666,45510.295161505026,Granite Basement,Rotating (Rotary),True,Severe Stick-Slip Vibration,Decrease WOB by 5 klbs and increase RPM by 15 to break torsional resonance.,5.893399022918668,System operating in nominal envelope
5381.5,5381.5,39.70132431807905,58.07280961982875,25.08636752020417,4202.350813277255,30196.23389301223,Granite Basement,Rotating (Rotary),False,Nominal,Continue drilling. Optimize WOB for maximum ROP.,9.3778147729962,System operating in nominal envelope
5393.0,5393.0,44.58355699804335,67.57825036548158,10.311961220439184,4247.391277536019,32046.922166639346,Granite Basement,Rotating (Rotary),False,Nominal,Continue drilling. Optimize WOB for maximum ROP.,7.307345902070538,System operating in nominal envelope
5404.5,5404.5,35.93783956101072,60.0305406202294,20.41211160950183,4216.838810043721,31316.38695010541,Granite Basement,Rotating (Rotary),False,Nominal,Continue drilling. Optimize WOB for maximum ROP.,7.911964549966242,System operating in nominal envelope
5416.0,5416.0,30.478660720572005,63.86977564029384,39.7630282900998,4206.461424356505,31761.257575609376,Granite Basement,Rotating (Rotary),False,Nominal,Continue drilling. Optimize WOB for maximum ROP.,12.722675568375058,System operating in nominal envelope
5427.5,5427.5,34.50633855197159,55.67428119313418,38.883440652076516,4227.049894452997,32702.24792141844,Granite Basement,Rotating (Rotary),False,Nominal,Continue drilling. Optimize WOB for maximum ROP.,5.755270860258869,System operating in nominal envelope
5439.0,5439.0,33.32771154108082,63.241748058091304,44.09700943732946,4223.487238580498,31384.304397099884,Granite Basement,Rotating (Rotary),False,Nominal,Continue drilling. Optimize WOB for maximum ROP.,13.27581217480702,System operating in nominal envelope
5450.5,5450.5,32.28871275209842,62.63434915373644,24.744671966378807,4247.7323292941355,32685.678666833766,Granite Basement,Rotating (Rotary),False,Nominal,Continue drilling. Optimize WOB for maximum ROP.,9.27669085824169,System operating in nominal envelope
5462.0,5462.0,39.17059205011559,61.02087858144552,28.723946362905988,4243.688173531128,31125.234035156827,Granite Basement,Rotating (Rotary),False,Nominal,Continue drilling. Optimize WOB for maximum ROP.,10.96063931100595,System operating in nominal envelope
5473.5,5473.5,36.59548072303419,62.94275098475546,23.609407700727505,4237.148429657876,32729.64687384321,Granite Basement,Rotating (Rotary),False,Nominal,Continue drilling. Optimize WOB for maximum ROP.,5.89652231235679,System operating in nominal envelope
5485.0,5485.0,31.26247662081385,65.15480375178498,19.47297416526946,4216.156692478435,30786.08715819549,Granite Basement,Rotating (Rotary),False,Nominal,Continue drilling. Optimize WOB for maximum ROP.,8.373590783572796,System operating in nominal envelope
5496.5,5496.5,43.222864754049105,56.660814465053264,25.696615747381614,4318.1637133415,32653.21403550013,Granite Basement,Rotating (Rotary),False,Nominal,Continue drilling. Optimize WOB for maximum ROP.,5.897009190148458,System operating in nominal envelope
5508.0,5508.0,37.79140279765811,62.71388518714414,28.222593941626208,4253.668060709484,32204.57541985746,Granite Basement,Rotating (Rotary),False,Nominal,Continue drilling. Optimize WOB for maximum ROP.,14.615437228811096,System operating in nominal envelope
5519.5,5519.5,38.340406588769945,61.50665394923168,32.61665273618969,4237.778167908663,31287.160157854873,Granite Basement,Rotating (Rotary),False,Nominal,Continue drilling. Optimize WOB for maximum ROP.,13.072616493262505,System operating in nominal envelope
5531.0,5531.0,40.255515544667276,54.6490284133393,23.85781345101118,4258.877519413243,31712.6519246329,Granite Basement,Rotating (Rotary),False,Nominal,Continue drilling. Optimize WOB for maximum ROP.,9.596327543564602,System operating in nominal envelope
5542.5,5542.5,36.523629878262234,64.81028179996504,27.093597382146466,4267.088161553071,30656.01758673662,Granite Basement,Rotating (Rotary),False,Nominal,Continue drilling. Optimize WOB for maximum ROP.,7.236025483236711,System operating in nominal envelope
5554.0,5554.0,34.30770440874311,58.55095458802767,31.24375034485826,4228.652069385251,32441.733671841972,Granite Basement,Rotating (Rotary),False,Nominal,Continue drilling. Optimize WOB for maximum ROP.,14.334551052498522,System operating in nominal envelope
5565.5,5565.5,39.94972459636971,63.81273946711999,27.28261133952195,4258.144457177874,30799.502098016535,Granite Basement,Rotating (Rotary),False,Nominal,Continue drilling. Optimize WOB for maximum ROP.,8.445965957269717,System operating in nominal envelope
5577.0,5577.0,41.04155619586519,63.885728324533936,26.67100637731603,4275.882834286866,32273.46780114356,Granite Basement,Rotating (Rotary),False,Nominal,Continue drilling. Optimize WOB for maximum ROP.,6.6098443168737475,System operating in nominal envelope
5588.5,5588.5,42.066570905602426,61.93369685187735,18.338739899470987,4225.0331337193065,31321.93087537341,Granite Basement,Rotating (Rotary),False,Nominal,Continue drilling. Optimize WOB for maximum ROP.,10.63164388453955,System operating in nominal envelope
5600.0,5600.0,35.43432255509735,61.6387033232112,9.608528531151228,4228.189501975001,31163.706009634167,Granite Basement,Rotating (Rotary),False,Nominal,Continue drilling. Optimize WOB for maximum ROP.,14.43774120344816,System operating in nominal envelope
5611.5,5611.5,38.81051608801717,62.00301368840556,31.125533045961845,4228.4927842232955,32219.896269928187,Granite Basement,Rotating (Rotary),False,Nominal,Continue drilling. Optimize WOB for maximum ROP.,5.038302905003226,System operating in nominal envelope
5623.0,5623.0,31.891272515397898,60.09318805358446,30.304008798681288,4230.611441255318,30473.62581358912,Granite Basement,Rotating (Rotary),False,Nominal,Continue drilling. Optimize WOB for maximum ROP.,7.381248432539987,System operating in nominal envelope
5634.5,5634.5,37.26346067266335,61.33871289672347,14.581636199113609,4200.663440889832,32193.876488988477,Granite Basement,Rotating (Rotary),False,Nominal,Continue drilling. Optimize WOB for maximum ROP.,14.384476404104076,System operating in nominal envelope
5646.0,5646.0,38.22774399501205,62.69344234489548,1.0517076157617247,4285.6964648959665,30070.76812416193,Granite Basement,Rotating (Rotary),False,Nominal,Continue drilling. Optimize WOB for maximum ROP.,6.71085966857162,System operating in nominal envelope
5657.5,5657.5,38.69862827006404,66.50127795377713,20.26356498919644,4283.573658823486,31728.94808147989,Granite Basement,Rotating (Rotary),False,Nominal,Continue drilling. Optimize WOB for maximum ROP.,6.132434516398199,System operating in nominal envelope
5669.0,5669.0,41.06706586722178,59.566134500738826,32.05759529699149,4265.428944233906,32051.973413809956,Granite Basement,Rotating (Rotary),False,Nominal,Continue drilling. Optimize WOB for maximum ROP.,10.701872157998045,System operating in nominal envelope
5680.5,5680.5,48.486708147862096,62.981039917946916,10.5550231228427,4241.715909357312,31472.07285108634,Granite Basement,Rotating (Rotary),False,Nominal,Continue drilling. Optimize WOB for maximum ROP.,13.618438232948298,System operating in nominal envelope
5692.0,5692.0,35.36009010186158,60.97679390471724,17.749608513895275,4242.257790051635,31666.371520260825,Granite Basement,Rotating (Rotary),False,Nominal,Continue drilling. Optimize WOB for maximum ROP.,9.771098176939262,System operating in nominal envelope
5703.5,5703.5,42.25991653583299,62.00051766229549,25.179449197328243,4256.047491971534,31141.938969567895,Granite Basement,Rotating (Rotary),False,Nominal,Continue drilling. Optimize WOB for maximum ROP.,14.945642566845248,System operating in nominal envelope
5715.0,5715.0,41.13537340573701,59.83217446072275,13.771380981603565,4240.747087773118,31168.33117657588,Granite Basement,Rotating (Rotary),False,Nominal,Continue drilling. Optimize WOB for maximum ROP.,11.791716995379929,System operating in nominal envelope
5726.5,5726.5,34.88682013305831,60.80944781613835,25.471283326393337,4279.979729517818,31786.716971270103,Granite Basement,Rotating (Rotary),False,Nominal,Continue drilling. Optimize WOB for maximum ROP.,5.740749072104477,System operating in nominal envelope
5738.0,5738.0,41.233412256238296,61.656570529001506,26.016753855437177,4268.801621248223,31387.281845797716,Granite Basement,Rotating (Rotary),False,Nominal,Continue drilling. Optimize WOB for maximum ROP.,14.928321316819753,System operating in nominal envelope
5749.5,5749.5,35.78551710107599,55.902957104308925,31.039237057036104,4256.603020945342,33053.64096462113,Granite Basement,Rotating (Rotary),False,Nominal,Continue drilling. Optimize WOB for maximum ROP.,9.078942367801904,System operating in nominal envelope
5761.0,5761.0,41.66851044144645,65.09032680451554,19.305845594698937,4263.096439774036,31715.46875248691,Granite Basement,Rotating (Rotary),False,Nominal,Continue drilling. Optimize WOB for maximum ROP.,7.8740253384548256,System operating in nominal envelope
5772.5,5772.5,36.79892314709721,63.53942787442785,20.578561587129272,4291.897110929221,31347.72466695635,Granite Basement,Rotating (Rotary),False,Nominal,Continue drilling. Optimize WOB for maximum ROP.,10.578791835778855,System operating in nominal envelope
5784.0,5784.0,38.00200624365507,63.50301687232279,19.815919943863964,4226.623629596662,28992.570399174136,Granite Basement,Rotating (Rotary),False,Nominal,Continue drilling. Optimize WOB for maximum ROP.,8.043075918208643,System operating in nominal envelope
5795.5,5795.5,33.361292781526195,60.729649505881724,35.03875326197767,4259.945492029564,31005.05273734687,Granite Basement,Rotating (Rotary),False,Nominal,Continue drilling. Optimize WOB for maximum ROP.,5.864575071201523,System operating in nominal envelope
5807.0,5807.0,39.24163010548882,62.75118589902707,31.897249584394043,4280.115178601085,30256.3942353834,Granite Basement,Rotating (Rotary),False,Nominal,Continue drilling. Optimize WOB for maximum ROP.,5.014283430791767,System operating in nominal envelope
5818.5,5818.5,37.712095711165254,63.67620154310303,30.215961400990217,4238.683569173995,29803.295427510457,Granite Basement,Rotating (Rotary),False,Nominal,Continue drilling. Optimize WOB for maximum ROP.,9.495833529202624,System operating in nominal envelope
5830.0,5830.0,39.43035619917056,0.0,9.950293508880193,5119.658422968132,1168.8152176622154,Granite Basement,Sliding (Directional),False,Nominal,Continue drilling. Optimize WOB for maximum ROP.,13.368634222265923,System operating in nominal envelope
5841.5,5841.5,44.24215722237266,0.0,18.46514029764113,5158.279798140209,950.7072286376523,Granite Basement,Sliding (Directional),False,Nominal,Continue drilling. Optimize WOB for maximum ROP.,10.723151856300765,System operating in nominal envelope
5853.0,5853.0,35.93236679196607,0.0,19.1189156407456,5144.262979384893,849.6718816327791,Granite Basement,Sliding (Directional),False,Nominal,Continue drilling. Optimize WOB for maximum ROP.,14.992072989434408,System operating in nominal envelope
5864.5,5864.5,36.04978844740798,0.0,14.6926181276492,5119.301265634787,615.6499511807034,Granite Basement,Sliding (Directional),False,Nominal,Continue drilling. Optimize WOB for maximum ROP.,7.8684664564719995,System operating in nominal envelope
5876.0,5876.0,47.167938602129084,0.15692085757960478,15.706712990857222,5144.59849050664,960.5663756187598,Granite Basement,Sliding (Directional),False,Nominal,Continue drilling. Optimize WOB for maximum ROP.,7.8045506476005535,System operating in nominal envelope
5887.5,5887.5,40.0790526376658,0.0,19.01138219711269,5173.858042366722,1107.3071973161866,Granite Basement,Sliding (Directional),False,Nominal,Continue drilling. Optimize WOB for maximum ROP.,6.597494602339442,System operating in nominal envelope
5899.0,5899.0,39.666207807476965,0.003923331538797981,13.918306623030139,5163.74153089917,1088.7721200612068,Granite Basement,Sliding (Directional),False,Nominal,Continue drilling. Optimize WOB for maximum ROP.,6.640635882653352,System operating in nominal envelope
5910.5,5910.5,35.820313262991775,0.02037125905239734,8.62925498767591,5186.565503787379,814.1339386519148,Granite Basement,Sliding (Directional),False,Nominal,Continue drilling. Optimize WOB for maximum ROP.,7.851865960100478,System operating in nominal envelope
5922.0,5922.0,38.626091196698766,0.010177540371203614,14.539789290484677,5153.093541609261,1036.592979686275,Granite Basement,Sliding (Directional),False,Nominal,Continue drilling. Optimize WOB for maximum ROP.,12.928400452735271,System operating in nominal envelope
5933.5,5933.5,43.66148106668791,0.0,7.794853147017707,5128.967574380494,984.511785977643,Granite Basement,Sliding (Directional),False,Nominal,Continue drilling. Optimize WOB for maximum ROP.,14.05756790636448,System operating in nominal envelope
5945.0,5945.0,37.33175326315813,0.3322940331456037,9.614217365430246,5151.122162207399,1034.6051358578025,Granite Basement,Sliding (Directional),False,Nominal,Continue drilling. Optimize WOB for maximum ROP.,14.750871697076812,System operating in nominal envelope
5956.5,5956.5,35.65782664944999,0.0,18.249032538444343,5143.577122581095,1192.2465692505652,Granite Basement,Sliding (Directional),False,Nominal,Continue drilling. Optimize WOB for maximum ROP.,7.322896540964527,System operating in nominal envelope
5968.0,5968.0,33.77645976363928,0.04930095568640098,23.107568261199777,5164.89554371242,1171.0223557781899,Granite Basement,Sliding (Directional),False,Nominal,Continue drilling. Optimize WOB for maximum ROP.,13.812975456140917,System operating in nominal envelope
5979.5,5979.5,34.1426420710541,0.0,17.81520227862009,5121.920553527134,964.8970211339528,Granite Basement,Sliding (Directional),False,Nominal,Continue drilling. Optimize WOB for maximum ROP.,8.28255089277337,System operating in nominal envelope
5991.0,5991.0,41.75187116303859,0.0,11.633071217257392,5146.283811918629,1022.763698837311,Granite Basement,Sliding (Directional),False,Nominal,Continue drilling. Optimize WOB for maximum ROP.,6.128405445168844,System operating in nominal envelope
6002.5,6002.5,45.94024714244014,0.0,15.632299261659991,5159.818514472393,1303.540932884446,Granite Basement,Sliding (Directional),False,Nominal,Continue drilling. Optimize WOB for maximum ROP.,13.700249255201657,System operating in nominal envelope
6014.0,6014.0,37.27785166699432,0.0,5.093655921184844,5151.61020795594,1205.9272712014795,Granite Basement,Sliding (Directional),False,Nominal,Continue drilling. Optimize WOB for maximum ROP.,11.361056346436186,System operating in nominal envelope
6025.5,6025.5,43.82704806492604,0.0,18.395628031410922,5150.373691769139,935.6133369552007,Granite Basement,Sliding (Directional),False,Nominal,Continue drilling. Optimize WOB for maximum ROP.,6.6473089608106175,System operating in nominal envelope
6037.0,6037.0,31.92712746284176,0.09243453321638857,16.501104296149382,5208.567740582172,795.5238993110784,Granite Basement,Sliding (Directional),False,Nominal,Continue drilling. Optimize WOB for maximum ROP.,9.298312575130026,System operating in nominal envelope
6048.5,6048.5,35.484467724372884,0.08517744123860715,17.9173933531376,5159.358694435394,903.7769636433536,Granite Basement,Sliding (Directional),False,Nominal,Continue drilling. Optimize WOB for maximum ROP.,7.872576948770677,System operating in nominal envelope
6060.0,6060.0,44.85652281718963,0.0,11.05692721011446,5177.7939485537045,806.0090563193255,Granite Basement,Sliding (Directional),False,Nominal,Continue drilling. Optimize WOB for maximum ROP.,12.367945687101969,System operating in nominal envelope
6071.5,6071.5,39.79514385594543,0.296823205707193,15.596634175760933,5169.610333719642,953.0412954215268,Granite Basement,Sliding (Directional),False,Nominal,Continue drilling. Optimize WOB for maximum ROP.,9.534162306242681,System operating in nominal envelope
6083.0,6083.0,33.24845061091507,0.12090306527107336,13.36729979814237,5183.698326558086,932.1864500750379,Granite Basement,Sliding (Directional),False,Nominal,Continue drilling. Optimize WOB for maximum ROP.,14.89279945106385,System operating in nominal envelope
6094.5,6094.5,39.01033727267779,0.0,14.426627921456518,5160.906684634355,1314.9582683749773,Granite Basement,Sliding (Directional),False,Nominal,Continue drilling. Optimize WOB for maximum ROP.,5.547449822595951,System operating in nominal envelope
6106.0,6106.0,36.63830742231936,0.0,12.515478067973227,5182.084799287498,972.8163740172846,Granite Basement,Sliding (Directional),False,Nominal,Continue drilling. Optimize WOB for maximum ROP.,8.550152661362468,System operating in nominal envelope
6117.5,6117.5,43.02095532263745,0.28392060090272747,20.38569002672538,5149.389410856532,720.0190072959076,Granite Basement,Sliding (Directional),False,Nominal,Continue drilling. Optimize WOB for maximum ROP.,9.819001671099773,System operating in nominal envelope
6129.0,6129.0,35.39840666211199,0.15812511983255373,9.84693333591629,5116.067404557204,1133.8896007448964,Granite Basement,Sliding (Directional),False,Nominal,Continue drilling. Optimize WOB for maximum ROP.,10.031335547483199,System operating in nominal envelope
6140.5,6140.5,40.776903652452795,0.0028546135672868215,18.86001267054433,5142.391514515084,938.9445530609829,Granite Basement,Sliding (Directional),False,Nominal,Continue drilling. Optimize WOB for maximum ROP.,8.159358223856367,System operating in nominal envelope
6152.0,6152.0,38.40239892183789,0.11688259609449686,23.281759731100966,5216.571014612887,765.3637582433423,Granite Basement,Sliding (Directional),False,Nominal,Continue drilling. Optimize WOB for maximum ROP.,12.29240249097568,System operating in nominal envelope
6163.5,6163.5,38.39655256258821,0.0,19.977838031641184,5134.822159356525,971.631941383445,Granite Basement,Sliding (Directional),False,Nominal,Continue drilling. Optimize WOB for maximum ROP.,13.747470734889747,System operating in nominal envelope
6175.0,6175.0,37.51531334256537,0.3022309860494695,9.651131139037686,5132.720607748711,998.1866578230918,Granite Basement,Sliding (Directional),False,Nominal,Continue drilling. Optimize WOB for maximum ROP.,14.38719301977863,System operating in nominal envelope
6186.5,6186.5,39.38180115397488,0.17737747801946008,16.54500369728335,5159.400955157974,609.3679215059299,Granite Basement,Sliding (Directional),False,Nominal,Continue drilling. Optimize WOB for maximum ROP.,13.050933767995263,System operating in nominal envelope
6198.0,6198.0,39.65960649658734,0.08085895099233953,18.831026500889635,5201.734554795554,839.3419480526427,Granite Basement,Sliding (Directional),False,Nominal,Continue drilling. Optimize WOB for maximum ROP.,13.505801973065994,System operating in nominal envelope
6209.5,6209.5,42.53152854741631,0.0,15.212767302767183,5179.751295647975,924.3730253488493,Granite Basement,Sliding (Directional),False,Nominal,Continue drilling. Optimize WOB for maximum ROP.,10.505453006199955,System operating in nominal envelope
6221.0,6221.0,39.321170637445675,0.0,10.435581790401688,5155.78729802096,1005.1228626232037,Granite Basement,Sliding (Directional),False,Nominal,Continue drilling. Optimize WOB for maximum ROP.,13.258882264268145,System operating in nominal envelope
6232.5,6232.5,33.873864510236295,0.13587465659130069,17.79730864105627,5144.880149121034,1099.9468751363818,Granite Basement,Sliding (Directional),False,Nominal,Continue drilling. Optimize WOB for maximum ROP.,8.035039091479522,System operating in nominal envelope
6244.0,6244.0,31.441934430595733,0.0,13.394079754030411,5204.372735076185,852.8251703290478,Granite Basement,Sliding (Directional),False,Nominal,Continue drilling. Optimize WOB for maximum ROP.,8.984787621092144,System operating in nominal envelope
6255.5,6255.5,39.75583139435721,0.1566781018565191,22.35625684306791,5169.151527848887,910.3734707962537,Granite Basement,Sliding (Directional),False,Nominal,Continue drilling. Optimize WOB for maximum ROP.,8.169130138185443,System operating in nominal envelope
6267.0,6267.0,44.6078187224308,0.1957716101563591,11.655389068856316,5178.492953564125,878.760141753861,Granite Basement,Sliding (Directional),False,Nominal,Continue drilling. Optimize WOB for maximum ROP.,9.673873354479255,System operating in nominal envelope
6278.5,6278.5,39.98555360000988,0.08367964417773675,8.460368566640867,5212.3199648236605,1097.5675138804208,Granite Basement,Sliding (Directional),False,Nominal,Continue drilling. Optimize WOB for maximum ROP.,7.855796162386364,System operating in nominal envelope
6290.0,6290.0,41.99740094734709,0.0,25.079420576473833,5168.600718201191,1037.5300309377542,Granite Basement,Sliding (Directional),False,Nominal,Continue drilling. Optimize WOB for maximum ROP.,14.616114422544468,System operating in nominal envelope
6301.5,6301.5,49.81769051282037,0.12134461182723655,19.816363272900723,5174.54008453199,1080.1758472720826,Granite Basement,Sliding (Directional),False,Nominal,Continue drilling. Optimize WOB for maximum ROP.,8.128446280056682,System operating in nominal envelope
6313.0,6313.0,36.78146302288267,0.35904227118246446,18.763140197258693,5185.791768979785,1074.6614633637091,Granite Basement,Sliding (Directional),False,Nominal,Continue drilling. Optimize WOB for maximum ROP.,5.980445381109398,System operating in nominal envelope
6324.5,6324.5,39.60202912033493,0.16778810009392245,10.37426739338445,5165.528670336327,916.2547369080954,Granite Basement,Sliding (Directional),False,Nominal,Continue drilling. Optimize WOB for maximum ROP.,10.268171660504134,System operating in nominal envelope
6336.0,6336.0,39.67010467635686,0.15578730070242283,15.57341891056203,5193.324321653798,1251.1738650021307,Granite Basement,Sliding (Directional),False,Nominal,Continue drilling. Optimize WOB for maximum ROP.,5.570990784451764,System operating in nominal envelope
6347.5,6347.5,40.541218291251546,20.0,19.333235026029936,5173.12250743814,1127.5643822543277,Granite Basement,Sliding (Directional),False,Nominal,Continue drilling. Optimize WOB for maximum ROP.,27.0,PROACTIVE ML WARNING: Impending Stick-Slip (27% risk). Adjust RPM immediately.
6359.0,6359.0,36.882925598876106,20.0,19.229320026718984,5145.77315633298,1646.4389499660842,Granite Basement,Sliding (Directional),False,Nominal,Continue drilling. Optimize WOB for maximum ROP.,34.0,PROACTIVE ML WARNING: Impending Stick-Slip (34% risk). Adjust RPM immediately.
6370.5,6370.5,40.185779061204954,20.0,11.563474587501128,5185.8843421795245,1079.9050260050922,Granite Basement,Sliding (Directional),False,Nominal,Continue drilling. Optimize WOB for maximum ROP.,41.0,PROACTIVE ML WARNING: Impending Stick-Slip (41% risk). Adjust RPM immediately.
6382.0,6382.0,40.655547996769634,20.0,5.0,5197.8604711998205,-464.01904996804456,Granite Basement,Sliding (Directional),False,Nominal,Continue drilling. Optimize WOB for maximum ROP.,48.0,PROACTIVE ML WARNING: Impending Stick-Slip (48% risk). Adjust RPM immediately.
6393.5,6393.5,42.169180304664046,20.0,12.237939960384136,5164.910605898922,727.6648934262075,Granite Basement,Sliding (Directional),False,Nominal,Continue drilling. Optimize WOB for maximum ROP.,56.0,PROACTIVE ML WARNING: Impending Stick-Slip (56% risk). Adjust RPM immediately.
6405.0,6405.0,42.027758259377165,60.99007552015137,31.410774288936647,4329.489233080011,32022.153249917137,Granite Basement,Rotating (Rotary),False,Nominal,Continue drilling. Optimize WOB for maximum ROP.,63.0,PROACTIVE ML WARNING: Impending Stick-Slip (63% risk). Adjust RPM immediately.
6416.5,6416.5,38.992752018688655,70.90982440737292,25.0057613672531,4316.904711683556,30419.63171043448,Granite Basement,Rotating (Rotary),False,Nominal,Continue drilling. Optimize WOB for maximum ROP.,70.0,PROACTIVE ML WARNING: Impending Stick-Slip (70% risk). Adjust RPM immediately.
6428.0,6428.0,34.088388268908126,63.61142847049105,16.817598207934807,4276.181020344552,30168.952665931363,Granite Basement,Rotating (Rotary),False,Nominal,Continue drilling. Optimize WOB for maximum ROP.,77.0,PROACTIVE ML WARNING: Impending Stick-Slip (77% risk). Adjust RPM immediately.
6439.5,6439.5,43.828165297682695,48.812741575113556,30.692168312052733,4272.476051060176,28770.731528918055,Granite Basement,Rotating (Rotary),False,Nominal,Continue drilling. Optimize WOB for maximum ROP.,84.0,PROACTIVE ML WARNING: Impending Stick-Slip (84% risk). Adjust RPM immediately.
6451.0,6451.0,37.40758692384066,52.52550815344118,29.492231000858702,4320.08045564632,34993.209198815544,Granite Basement,Rotating (Rotary),False,Nominal,Continue drilling. Optimize WOB for maximum ROP.,92.0,PROACTIVE ML WARNING: Impending Stick-Slip (92% risk). Adjust RPM immediately.
6462.5,6462.5,43.50429707359312,15.0,7.684919075204892,4283.8488078479495,47288.35117454699,Granite Basement,Rotating (Rotary),True,Severe Stick-Slip Vibration,Decrease WOB by 5 klbs and increase RPM by 15 to break torsional resonance.,5.520724062212698,System operating in nominal envelope
6474.0,6474.0,34.33771608039968,59.60712271276239,24.249257165128057,4326.514697038747,31446.87163208507,Granite Basement,Rotating (Rotary),False,Nominal,Continue drilling. Optimize WOB for maximum ROP.,5.1282164951060585,System operating in nominal envelope
6485.5,6485.5,35.11771772813974,61.42399821448558,31.86789494390052,4295.734171393293,32472.09666494827,Granite Basement,Rotating (Rotary),False,Nominal,Continue drilling. Optimize WOB for maximum ROP.,12.95544391926648,System operating in nominal envelope
6497.0,6497.0,30.984486123495245,59.67622284951897,23.36587142959326,4282.346768622749,30790.173863627668,Granite Basement,Rotating (Rotary),False,Nominal,Continue drilling. Optimize WOB for maximum ROP.,9.771463759890493,System operating in nominal envelope
6508.5,6508.5,32.49134816514559,59.695350467186714,24.527016961475503,4295.581065697963,31726.335923703646,Granite Basement,Rotating (Rotary),False,Nominal,Continue drilling. Optimize WOB for maximum ROP.,6.30881138553576,System operating in nominal envelope
6520.0,6520.0,35.257397297318434,62.4420521803485,36.718235886268886,4307.932997885318,31203.35261952395,Granite Basement,Rotating (Rotary),False,Nominal,Continue drilling. Optimize WOB for maximum ROP.,7.355659345945012,System operating in nominal envelope
6531.5,6531.5,43.09375199680332,58.75104690768101,15.2731990054801,4343.26331044698,32386.045037504817,Granite Basement,Rotating (Rotary),False,Nominal,Continue drilling. Optimize WOB for maximum ROP.,14.325039530973825,System operating in nominal envelope
6543.0,6543.0,41.11135504626847,65.84482979603138,31.734227148010618,4295.37637984389,30498.086919452424,Granite Basement,Rotating (Rotary),False,Nominal,Continue drilling. Optimize WOB for maximum ROP.,13.59502975624898,System operating in nominal envelope
6554.5,6554.5,39.03168218113746,63.37869068809881,13.91881182483577,4332.8747304100125,31926.639945653533,Granite Basement,Rotating (Rotary),False,Nominal,Continue drilling. Optimize WOB for maximum ROP.,12.097850502239726,System operating in nominal envelope
6566.0,6566.0,41.979807285161506,64.92397498106943,12.363582980576512,4319.545231398299,31452.523170803262,Granite Basement,Rotating (Rotary),False,Nominal,Continue drilling. Optimize WOB for maximum ROP.,9.822252303373265,System operating in nominal envelope
6577.5,6577.5,39.95416807286777,63.43014360428536,21.461013044552452,4324.645224575017,32727.793868978588,Granite Basement,Rotating (Rotary),False,Nominal,Continue drilling. Optimize WOB for maximum ROP.,10.203236261913858,System operating in nominal envelope
6589.0,6589.0,40.14550251839568,59.45083915326971,25.712340207511154,4326.531196228144,31309.605150370102,Granite Basement,Rotating (Rotary),False,Nominal,Continue drilling. Optimize WOB for maximum ROP.,14.752445352839587,System operating in nominal envelope
6600.5,6600.5,36.595797670433235,61.67131851082083,11.790014034386036,4348.691179286037,31023.053452935867,Granite Basement,Rotating (Rotary),False,Nominal,Continue drilling. Optimize WOB for maximum ROP.,14.65770443884287,System operating in nominal envelope
6612.0,6612.0,44.6484188359806,65.45363519672621,20.177391743809793,4296.65343262236,32253.160923327752,Granite Basement,Rotating (Rotary),False,Nominal,Continue drilling. Optimize WOB for maximum ROP.,7.152690457858343,System operating in nominal envelope
6623.5,6623.5,39.00125141825803,62.735560322533736,18.751888002396427,4324.019804992092,30644.127893179655,Granite Basement,Rotating (Rotary),False,Nominal,Continue drilling. Optimize WOB for maximum ROP.,13.111045663053181,System operating in nominal envelope
6635.0,6635.0,34.518470721171276,59.920444479423885,29.18359569941591,4329.120542748767,30718.39009189106,Granite Basement,Rotating (Rotary),False,Nominal,Continue drilling. Optimize WOB for maximum ROP.,6.972426661670168,System operating in nominal envelope
6646.5,6646.5,43.65153539027652,60.54986689657489,27.587217258986485,4337.705112513385,32045.656140450803,Granite Basement,Rotating (Rotary),False,Nominal,Continue drilling. Optimize WOB for maximum ROP.,7.135374778839514,System operating in nominal envelope
6658.0,6658.0,38.28863001808113,63.85670604589931,30.605586089358475,4344.696223817017,30148.47263481859,Granite Basement,Rotating (Rotary),False,Nominal,Continue drilling. Optimize WOB for maximum ROP.,11.760930341645768,System operating in nominal envelope
6669.5,6669.5,41.37170518161362,60.091784739553546,22.409214971196853,4334.50844588619,32246.19526014969,Granite Basement,Rotating (Rotary),False,Nominal,Continue drilling. Optimize WOB for maximum ROP.,9.050010985875485,System operating in nominal envelope
6681.0,6681.0,42.07731658151084,67.90968123654841,26.309021326597055,4314.830349184125,29991.899293356077,Granite Basement,Rotating (Rotary),False,Nominal,Continue drilling. Optimize WOB for maximum ROP.,14.315444071065201,System operating in nominal envelope
6692.5,6692.5,40.74193751947934,61.42283406538808,29.266181535040246,4371.731516583026,30038.242466702213,Granite Basement,Rotating (Rotary),False,Nominal,Continue drilling. Optimize WOB for maximum ROP.,5.890097348960088,System operating in nominal envelope
6704.0,6704.0,35.697728881116205,66.29844476551824,19.823365767094792,4386.132883829203,30662.811006140582,Granite Basement,Rotating (Rotary),False,Nominal,Continue drilling. Optimize WOB for maximum ROP.,10.11525640809493,System operating in nominal envelope
6715.5,6715.5,41.266433970523245,61.03217337552621,9.410484012897811,4336.104719551694,31527.72415523231,Granite Basement,Rotating (Rotary),False,Nominal,Continue drilling. Optimize WOB for maximum ROP.,14.185215304431212,System operating in nominal envelope
6727.0,6727.0,37.9474165648419,60.27568056483957,14.450547603477652,4325.831929440005,33076.446147787945,Granite Basement,Rotating (Rotary),False,Nominal,Continue drilling. Optimize WOB for maximum ROP.,14.041136604795051,System operating in nominal envelope
6738.5,6738.5,41.090179709642314,61.30259267417048,26.584389838723567,4332.085995787604,32363.086110488468,Granite Basement,Rotating (Rotary),False,Nominal,Continue drilling. Optimize WOB for maximum ROP.,6.565292134157412,System operating in nominal envelope
6750.0,6750.0,40.16832938943422,64.42046165133215,15.752855998160735,4331.717290420417,30831.437485917537,Granite Basement,Rotating (Rotary),False,Nominal,Continue drilling. Optimize WOB for maximum ROP.,8.666377000964564,System operating in nominal envelope
6761.5,6761.5,34.86343998607997,69.37273606327182,13.949319528748866,4372.036989518419,30024.62679210084,Granite Basement,Rotating (Rotary),False,Nominal,Continue drilling. Optimize WOB for maximum ROP.,11.191214000466962,System operating in nominal envelope
6773.0,6773.0,39.83109103453027,63.368161993444915,23.046547623977958,4355.562095882934,31221.588273439364,Granite Basement,Rotating (Rotary),False,Nominal,Continue drilling. Optimize WOB for maximum ROP.,6.593948847714022,System operating in nominal envelope
6784.5,6784.5,39.24594219180556,62.214732515733324,17.529311099621616,4287.277490681312,31249.05880341189,Granite Basement,Rotating (Rotary),False,Nominal,Continue drilling. Optimize WOB for maximum ROP.,14.680221720457387,System operating in nominal envelope
6796.0,6796.0,38.66580339185234,69.46314750650852,31.005691415027115,4352.867041636858,31157.62558269974,Granite Basement,Rotating (Rotary),False,Nominal,Continue drilling. Optimize WOB for maximum ROP.,14.147493287276603,System operating in nominal envelope
6807.5,6807.5,39.83421397139501,63.050236226129606,15.405247891523041,4359.771264830392,33745.74557279386,Granite Basement,Rotating (Rotary),False,Nominal,Continue drilling. Optimize WOB for maximum ROP.,6.669501790344691,System operating in nominal envelope
6819.0,6819.0,39.799801891883526,59.68404717504615,20.82801221660136,4359.407816158557,30496.794329457185,Granite Basement,Rotating (Rotary),False,Nominal,Continue drilling. Optimize WOB for maximum ROP.,6.211554612609854,System operating in nominal envelope
6830.5,6830.5,36.878658325895955,64.43954179836177,24.41749924359885,4369.401361098561,30139.676624920547,Granite Basement,Rotating (Rotary),False,Nominal,Continue drilling. Optimize WOB for maximum ROP.,5.854084828082653,System operating in nominal envelope
6842.0,6842.0,35.30359655195314,58.85373772331167,42.443045296225975,4341.9345737393905,31163.136795006245,Granite Basement,Rotating (Rotary),False,Nominal,Continue drilling. Optimize WOB for maximum ROP.,14.094436640366311,System operating in nominal envelope
6853.5,6853.5,39.645247336370645,58.555956248114406,39.87216507381143,4334.160649895726,32615.3505586089,Granite Basement,Rotating (Rotary),False,Nominal,Continue drilling. Optimize WOB for maximum ROP.,6.936238097954607,System operating in nominal envelope
6865.0,6865.0,31.973263413495758,57.300189037152386,17.400975237739615,4395.974129384294,31925.458681689026,Granite Basement,Rotating (Rotary),False,Nominal,Continue drilling. Optimize WOB for maximum ROP.,9.162849285443547,System operating in nominal envelope
6876.5,6876.5,40.03159052726525,55.410630652457805,31.024453060487506,4350.204387664929,31857.98072074465,Granite Basement,Rotating (Rotary),False,Nominal,Continue drilling. Optimize WOB for maximum ROP.,9.48851365652003,System operating in nominal envelope
6888.0,6888.0,34.147195381288356,62.2142179035084,17.195367950041017,4327.904384348511,31778.879061196356,Granite Basement,Rotating (Rotary),False,Nominal,Continue drilling. Optimize WOB for maximum ROP.,10.990110442135675,System operating in nominal envelope
6899.5,6899.5,36.449216811191164,59.510461513024424,22.216883668323653,4368.238406045592,32437.42861938908,Granite Basement,Rotating (Rotary),False,Nominal,Continue drilling. Optimize WOB for maximum ROP.,5.71735343747425,System operating in nominal envelope
6911.0,6911.0,38.14530438084811,58.37852146341614,43.918027491827814,4345.38808379983,31445.176558190415,Granite Basement,Rotating (Rotary),False,Nominal,Continue drilling. Optimize WOB for maximum ROP.,7.267586174005159,System operating in nominal envelope
6922.5,6922.5,33.77452530205818,65.6604430968811,37.36551567988302,4378.721469336645,31806.45495370323,Granite Basement,Rotating (Rotary),False,Nominal,Continue drilling. Optimize WOB for maximum ROP.,14.31490386918926,System operating in nominal envelope
6934.0,6934.0,39.41400079590608,62.97289798916982,32.33316617696272,4353.391983674562,32836.13721960114,Granite Basement,Rotating (Rotary),False,Nominal,Continue drilling. Optimize WOB for maximum ROP.,14.084101072685694,System operating in nominal envelope
6945.5,6945.5,35.622426307514395,58.70188201350308,23.5172132329233,4350.565484065109,30626.35788767777,Granite Basement,Rotating (Rotary),False,Nominal,Continue drilling. Optimize WOB for maximum ROP.,12.812906474056922,System operating in nominal envelope
6957.0,6957.0,42.70226491179973,60.85674586228303,30.448074704760163,4355.489415467211,31563.360826410768,Granite Basement,Rotating (Rotary),False,Nominal,Continue drilling. Optimize WOB for maximum ROP.,5.194012456182154,System operating in nominal envelope
6968.5,6968.5,29.4618205308585,60.483249263086755,20.26154139895284,4362.762092306986,32810.48622041813,Granite Basement,Rotating (Rotary),False,Nominal,Continue drilling. Optimize WOB for maximum ROP.,8.27006768496102,System operating in nominal envelope
6980.0,6980.0,30.86909971704088,63.54927861491534,19.254975038179495,4342.515940279359,30200.884008273326,Granite Basement,Rotating (Rotary),False,Nominal,Continue drilling. Optimize WOB for maximum ROP.,11.27958735342908,System operating in nominal envelope
6991.5,6991.5,37.29880364090777,60.488138338654466,33.68905031371829,4304.180848572523,32479.59628700075,Granite Basement,Rotating (Rotary),False,Nominal,Continue drilling. Optimize WOB for maximum ROP.,7.7519021177347565,System operating in nominal envelope
7003.0,7003.0,40.47578356709012,59.15578582393796,28.550837360670517,4355.202711651312,31492.87872376943,Granite Basement,Rotating (Rotary),False,Nominal,Continue drilling. Optimize WOB for maximum ROP.,14.095866950537774,System operating in nominal envelope
7014.5,7014.5,40.53969385712871,60.16456550305376,35.064249648315425,4363.209888910339,31999.350201839843,Granite Basement,Rotating (Rotary),False,Nominal,Continue drilling. Optimize WOB for maximum ROP.,11.338894618324419,System operating in nominal envelope
7026.0,7026.0,40.67712485133395,63.972641718438794,27.11419724929218,4364.175665698234,33040.221386562225,Granite Basement,Rotating (Rotary),False,Nominal,Continue drilling. Optimize WOB for maximum ROP.,5.719067173164456,System operating in nominal envelope
7037.5,7037.5,34.72786594134043,65.50842492531298,20.35585344776575,4380.447581813476,31016.195928927697,Granite Basement,Rotating (Rotary),False,Nominal,Continue drilling. Optimize WOB for maximum ROP.,14.09005588835703,System operating in nominal envelope
7049.0,7049.0,39.12698707153489,63.157961988168964,36.919676046780495,4368.852306640781,31839.94907139963,Granite Basement,Rotating (Rotary),False,Nominal,Continue drilling. Optimize WOB for maximum ROP.,14.577666581762225,System operating in nominal envelope
7060.5,7060.5,42.071863978492566,62.47658897816256,27.02424557959575,4388.3727645191875,30372.483897347927,Granite Basement,Rotating (Rotary),False,Nominal,Continue drilling. Optimize WOB for maximum ROP.,5.777124183917255,System operating in nominal envelope
7072.0,7072.0,44.87536412898582,61.45488526151907,15.718788916197848,4344.5691517845235,30787.91893365638,Granite Basement,Rotating (Rotary),False,Nominal,Continue drilling. Optimize WOB for maximum ROP.,10.32360234861315,System operating in nominal envelope
7083.5,7083.5,35.01790474911473,61.07372975352493,30.85730652077852,4331.540824520534,31517.055220672966,Granite Basement,Rotating (Rotary),False,Nominal,Continue drilling. Optimize WOB for maximum ROP.,8.033642822141704,System operating in nominal envelope
7095.0,7095.0,34.5505265154417,65.79820980910442,19.00045739072376,4380.36980221319,32625.39399950147,Granite Basement,Rotating (Rotary),False,Nominal,Continue drilling. Optimize WOB for maximum ROP.,8.928390764814024,System operating in nominal envelope
7106.5,7106.5,41.24719586285314,59.27016524901172,28.204709271884354,4390.7761875209135,31687.648559054534,Granite Basement,Rotating (Rotary),False,Nominal,Continue drilling. Optimize WOB for maximum ROP.,6.796512179553419,System operating in nominal envelope
7118.0,7118.0,33.532740498625564,59.76232539430849,27.520367819953336,4384.370705456335,30464.403979387174,Granite Basement,Rotating (Rotary),False,Nominal,Continue drilling. Optimize WOB for maximum ROP.,10.780721020124126,System operating in nominal envelope
7129.5,7129.5,32.80487633545107,64.12043553166667,28.754795095709607,4339.546917130787,32103.11153194604,Granite Basement,Rotating (Rotary),False,Nominal,Continue drilling. Optimize WOB for maximum ROP.,14.579793532488907,System operating in nominal envelope
7141.0,7141.0,35.35226708996761,63.45506641771182,16.33498440102082,4377.791056583339,30911.58469303753,Granite Basement,Rotating (Rotary),False,Nominal,Continue drilling. Optimize WOB for maximum ROP.,10.03072600271609,System operating in nominal envelope
7152.5,7152.5,30.5420223716442,62.87412511824923,21.997793557774905,4333.079930715949,31604.115865789907,Granite Basement,Rotating (Rotary),False,Nominal,Continue drilling. Optimize WOB for maximum ROP.,5.829145813944812,System operating in nominal envelope
7164.0,7164.0,40.58074254666514,61.24488625127534,26.546441021039293,4364.883805341323,32299.202809082817,Granite Basement,Rotating (Rotary),False,Nominal,Continue drilling. Optimize WOB for maximum ROP.,11.200013334774084,System operating in nominal envelope
7175.5,7175.5,39.20139263729456,63.17316897452132,28.65476283450338,4335.650696919823,32326.413238545785,Granite Basement,Rotating (Rotary),False,Nominal,Continue drilling. Optimize WOB for maximum ROP.,8.40222994451257,System operating in nominal envelope
7187.0,7187.0,34.13660411140931,61.389798815814494,26.537335745920863,4373.977317809309,31353.129511433308,Granite Basement,Rotating (Rotary),False,Nominal,Continue drilling. Optimize WOB for maximum ROP.,13.559251895912979,System operating in nominal envelope
7198.5,7198.5,43.4391937709585,64.70441681918207,34.099893228469114,4343.074520164215,32179.300429414205,Granite Basement,Rotating (Rotary),False,Nominal,Continue drilling. Optimize WOB for maximum ROP.,9.346781483164701,System operating in nominal envelope
7210.0,7210.0,39.46987237861897,64.72745106296492,25.89474532687714,4427.10676114252,32617.890824348822,Granite Basement,Rotating (Rotary),False,Nominal,Continue drilling. Optimize WOB for maximum ROP.,6.928396089422456,System operating in nominal envelope
7221.5,7221.5,41.971336201522064,62.36221958274223,35.88194152712403,4378.317576082124,31116.255654600605,Granite Basement,Rotating (Rotary),False,Nominal,Continue drilling. Optimize WOB for maximum ROP.,6.91105622691145,System operating in nominal envelope
7233.0,7233.0,34.8899710694204,65.83091931169528,26.794134626734802,4391.13660309351,29971.95765711628,Granite Basement,Rotating (Rotary),False,Nominal,Continue drilling. Optimize WOB for maximum ROP.,12.687641807211604,System operating in nominal envelope
7244.5,7244.5,30.01989927092383,63.56377004207759,24.938962489262426,4401.690787074725,30853.147296427956,Granite Basement,Rotating (Rotary),False,Nominal,Continue drilling. Optimize WOB for maximum ROP.,7.655875983073599,System operating in nominal envelope
7256.0,7256.0,45.42579824825109,60.735633239345155,38.91566264803404,4354.0073103235845,33117.97643548916,Granite Basement,Rotating (Rotary),False,Nominal,Continue drilling. Optimize WOB for maximum ROP.,12.67233394159223,System operating in nominal envelope
7267.5,7267.5,38.01404355302182,64.52865758852089,20.3116756512042,4398.270231221604,30689.207218068084,Granite Basement,Rotating (Rotary),False,Nominal,Continue drilling. Optimize WOB for maximum ROP.,20.0,PROACTIVE ML WARNING: Mud Pressure Dropping (20% risk). Leak suspected.
7279.0,7279.0,42.67732314998799,66.21253569677127,39.101664448915756,4363.058688171025,30539.242725975757,Granite Basement,Rotating (Rotary),False,Nominal,Continue drilling. Optimize WOB for maximum ROP.,25.0,PROACTIVE ML WARNING: Mud Pressure Dropping (25% risk). Leak suspected.
7290.5,7290.5,35.98231058831453,61.16215554707137,30.4902174217969,4341.79844586224,33197.143179420535,Granite Basement,Rotating (Rotary),False,Nominal,Continue drilling. Optimize WOB for maximum ROP.,30.0,PROACTIVE ML WARNING: Mud Pressure Dropping (30% risk). Leak suspected.
7302.0,7302.0,39.57648890137526,63.158221325295266,4.775343409523295,4318.58120004942,32109.488349854208,Granite Basement,Rotating (Rotary),False,Nominal,Continue drilling. Optimize WOB for maximum ROP.,35.0,PROACTIVE ML WARNING: Mud Pressure Dropping (35% risk). Leak suspected.
7313.5,7313.5,36.872891655534765,62.60330483729195,22.446018720505478,4272.971314576179,31921.865063050223,Granite Basement,Rotating (Rotary),False,Nominal,Continue drilling. Optimize WOB for maximum ROP.,41.0,PROACTIVE ML WARNING: Mud Pressure Dropping (41% risk). Leak suspected.
7325.0,7325.0,44.670807653598864,65.93254931303714,23.437998501376217,4274.354860772046,31335.28521896917,Granite Basement,Rotating (Rotary),False,Nominal,Continue drilling. Optimize WOB for maximum ROP.,46.0,PROACTIVE ML WARNING: Mud Pressure Dropping (46% risk). Leak suspected.
7336.5,7336.5,36.283693990593434,62.487562460070315,28.732605301642042,4251.296281611143,30265.36805424822,Granite Basement,Rotating (Rotary),False,Nominal,Continue drilling. Optimize WOB for maximum ROP.,51.0,PROACTIVE ML WARNING: Mud Pressure Dropping (51% risk). Leak suspected.
7348.0,7348.0,40.39221242004288,59.98921060085002,25.924055809088657,4276.890552435732,30810.317119751457,Granite Basement,Rotating (Rotary),False,Nominal,Continue drilling. Optimize WOB for maximum ROP.,56.0,PROACTIVE ML WARNING: Mud Pressure Dropping (56% risk). Leak suspected.
7359.5,7359.5,41.117307247927336,61.915968588240716,22.506853965946462,4250.1285228035285,30936.05882887477,Granite Basement,Rotating (Rotary),False,Nominal,Continue drilling. Optimize WOB for maximum ROP.,61.0,PROACTIVE ML WARNING: Mud Pressure Dropping (61% risk). Leak suspected.
7371.0,7371.0,37.21773416265471,60.133554133649405,20.267231521720003,4218.593979255439,29808.90881764079,Granite Basement,Rotating (Rotary),False,Nominal,Continue drilling. Optimize WOB for maximum ROP.,67.0,PROACTIVE ML WARNING: Mud Pressure Dropping (67% risk). Leak suspected.
7382.5,7382.5,36.91747312519525,61.35955061876155,27.643755537454087,4201.229230519898,31432.55349375274,Granite Basement,Rotating (Rotary),False,Nominal,Continue drilling. Optimize WOB for maximum ROP.,72.0,PROACTIVE ML WARNING: Mud Pressure Dropping (72% risk). Leak suspected.
7394.0,7394.0,41.32316488170358,60.37558693287933,20.297257798918555,4161.439978615272,30362.08750183053,Granite Basement,Rotating (Rotary),False,Nominal,Continue drilling. Optimize WOB for maximum ROP.,77.0,PROACTIVE ML WARNING: Mud Pressure Dropping (77% risk). Leak suspected.
7405.5,7405.5,36.662698992297265,60.07500983450635,25.378842312866183,4143.370416727086,31001.916056398186,Granite Basement,Rotating (Rotary),False,Nominal,Continue drilling. Optimize WOB for maximum ROP.,82.0,PROACTIVE ML WARNING: Mud Pressure Dropping (82% risk). Leak suspected.
7417.0,7417.0,40.26111197017514,60.6064423672292,23.7610623051517,4149.701721113081,30488.045446738735,Granite Basement,Rotating (Rotary),False,Nominal,Continue drilling. Optimize WOB for maximum ROP.,87.0,PROACTIVE ML WARNING: Mud Pressure Dropping (87% risk). Leak suspected.
7428.5,7428.5,34.775971190074905,63.432819533103,26.28841577785724,4099.633337701647,31107.28439768191,Granite Basement,Rotating (Rotary),False,Nominal,Continue drilling. Optimize WOB for maximum ROP.,93.0,PROACTIVE ML WARNING: Mud Pressure Dropping (93% risk). Leak suspected.
7440.0,7440.0,38.698571162025516,69.2834370423048,22.974471722123045,3773.3224214274032,30078.02754804303,Granite Basement,Rotating (Rotary),True,Drill String Washout Detected,Stop drilling immediately. Circulate bottoms up and pull out of hole for pipe inspection.,27.0,PROACTIVE ML WARNING: Impending Stick-Slip (27% risk). Adjust RPM immediately.
7451.5,7451.5,31.250263932827483,59.09303788355885,19.223493913073934,4375.293598574981,32197.129192047934,Granite Basement,Rotating (Rotary),False,Nominal,Continue drilling. Optimize WOB for maximum ROP.,34.0,PROACTIVE ML WARNING: Impending Stick-Slip (34% risk). Adjust RPM immediately.
7463.0,7463.0,37.556289519978066,58.184416158417896,37.02743353044193,4440.511283796333,32061.64826873245,Granite Basement,Rotating (Rotary),False,Nominal,Continue drilling. Optimize WOB for maximum ROP.,41.0,PROACTIVE ML WARNING: Impending Stick-Slip (41% risk). Adjust RPM immediately.
7474.5,7474.5,41.09377669604941,68.19606626291099,8.149688396973364,4407.178328682938,32707.0975129831,Granite Basement,Rotating (Rotary),False,Nominal,Continue drilling. Optimize WOB for maximum ROP.,48.0,PROACTIVE ML WARNING: Impending Stick-Slip (48% risk). Adjust RPM immediately.
7486.0,7486.0,36.94024310222713,68.70664930936418,22.101726175611233,4397.657570413147,28582.209950992317,Granite Basement,Rotating (Rotary),False,Nominal,Continue drilling. Optimize WOB for maximum ROP.,56.0,PROACTIVE ML WARNING: Impending Stick-Slip (56% risk). Adjust RPM immediately.
7497.5,7497.5,44.475600961770866,58.41075851419215,19.414546645202805,4398.2498997658495,31138.5306050653,Granite Basement,Rotating (Rotary),False,Nominal,Continue drilling. Optimize WOB for maximum ROP.,63.0,PROACTIVE ML WARNING: Impending Stick-Slip (63% risk). Adjust RPM immediately.
7509.0,7509.0,31.525287970058468,52.15065261916067,20.05028175674986,4439.792219212705,32906.30192160515,Granite Basement,Rotating (Rotary),False,Nominal,Continue drilling. Optimize WOB for maximum ROP.,70.0,PROACTIVE ML WARNING: Impending Stick-Slip (70% risk). Adjust RPM immediately.
7520.5,7520.5,36.86061485415545,74.48349123963646,20.391256400959612,4442.288972884052,36065.931561000405,Granite Basement,Rotating (Rotary),False,Nominal,Continue drilling. Optimize WOB for maximum ROP.,77.0,PROACTIVE ML WARNING: Impending Stick-Slip (77% risk). Adjust RPM immediately.
7532.0,7532.0,39.123373057238965,69.12954894556245,22.947494284595983,4439.483360652957,28373.07682219591,Granite Basement,Rotating (Rotary),False,Nominal,Continue drilling. Optimize WOB for maximum ROP.,84.0,PROACTIVE ML WARNING: Impending Stick-Slip (84% risk). Adjust RPM immediately.
7543.5,7543.5,33.83025039499519,52.59063342880666,16.90266745606776,4382.548439223757,27866.343814514632,Granite Basement,Rotating (Rotary),False,Nominal,Continue drilling. Optimize WOB for maximum ROP.,92.0,PROACTIVE ML WARNING: Impending Stick-Slip (92% risk). Adjust RPM immediately.
7555.0,7555.0,35.9165785792847,16.63890789694117,12.811876236030557,4376.778430173436,43994.03404978693,Granite Basement,Rotating (Rotary),True,Severe Stick-Slip Vibration,Decrease WOB by 5 klbs and increase RPM by 15 to break torsional resonance.,7.309793105280637,System operating in nominal envelope
7566.5,7566.5,36.049853814849094,60.20520277313099,25.47521799524552,4399.556884370493,32788.25992752989,Granite Basement,Rotating (Rotary),False,Nominal,Continue drilling. Optimize WOB for maximum ROP.,13.019139528361265,System operating in nominal envelope
7578.0,7578.0,35.98138568049112,63.2096916279701,27.105415538533435,4378.682696254089,32244.0445854037,Granite Basement,Rotating (Rotary),False,Nominal,Continue drilling. Optimize WOB for maximum ROP.,13.514891816465466,System operating in nominal envelope
7589.5,7589.5,36.83032780967224,59.903535503881926,33.34025181891687,4384.992976942914,32084.020531289734,Granite Basement,Rotating (Rotary),False,Nominal,Continue drilling. Optimize WOB for maximum ROP.,9.830662451933026,System operating in nominal envelope
7601.0,7601.0,35.57823056129058,63.145966758878714,23.763952110181144,4355.9043245349485,30861.59743812234,Granite Basement,Rotating (Rotary),False,Nominal,Continue drilling. Optimize WOB for maximum ROP.,9.160706704086863,System operating in nominal envelope
7612.5,7612.5,34.54320301546903,59.65873406302601,22.576299460111553,4392.305511088278,31819.074459332398,Granite Basement,Rotating (Rotary),False,Nominal,Continue drilling. Optimize WOB for maximum ROP.,14.778536935017817,System operating in nominal envelope
7624.0,7624.0,29.494721313365105,56.69824961841233,3.1189631952882166,4394.748370553571,31999.79375197048,Granite Basement,Rotating (Rotary),False,Nominal,Continue drilling. Optimize WOB for maximum ROP.,7.005646595880699,System operating in nominal envelope
7635.5,7635.5,36.101025330623806,60.68438035870645,26.910716284031057,4445.548444455211,31079.556181609554,Granite Basement,Rotating (Rotary),False,Nominal,Continue drilling. Optimize WOB for maximum ROP.,7.153592828546085,System operating in nominal envelope
7647.0,7647.0,38.53677713233236,56.673583800482,27.862841661526883,4430.965180415794,31735.212983958267,Granite Basement,Rotating (Rotary),False,Nominal,Continue drilling. Optimize WOB for maximum ROP.,7.918671770363997,System operating in nominal envelope
7658.5,7658.5,52.919703284458045,56.789717651253525,26.183699673462872,4455.797416244028,31186.10730881481,Granite Basement,Rotating (Rotary),False,Nominal,Continue drilling. Optimize WOB for maximum ROP.,6.727573182810874,System operating in nominal envelope
7670.0,7670.0,37.82705346785528,60.93940916650489,12.469479905295238,4399.354176794031,31859.823539245725,Granite Basement,Rotating (Rotary),False,Nominal,Continue drilling. Optimize WOB for maximum ROP.,8.793655982041866,System operating in nominal envelope
7681.5,7681.5,40.85220083658271,60.95951398778686,33.55433404815555,4386.268266523992,31008.585959068572,Granite Basement,Rotating (Rotary),False,Nominal,Continue drilling. Optimize WOB for maximum ROP.,14.108342269897538,System operating in nominal envelope
7693.0,7693.0,35.96572666933835,62.89613404552405,29.20985881480555,4397.166093107114,32327.650660116593,Granite Basement,Rotating (Rotary),False,Nominal,Continue drilling. Optimize WOB for maximum ROP.,11.153478406285743,System operating in nominal envelope
7704.5,7704.5,45.024713566526366,61.56109013625196,33.84862554215891,4433.076370118947,31607.089753176526,Granite Basement,Rotating (Rotary),False,Nominal,Continue drilling. Optimize WOB for maximum ROP.,9.119465486122635,System operating in nominal envelope
7716.0,7716.0,35.268436927086825,63.862513282193206,24.697318881807632,4412.412567597083,31429.90651059752,Granite Basement,Rotating (Rotary),False,Nominal,Continue drilling. Optimize WOB for maximum ROP.,14.344107945712148,System operating in nominal envelope
7727.5,7727.5,38.958513506421376,61.7094273921951,31.48941761067566,4423.567829579263,33223.3049188579,Granite Basement,Rotating (Rotary),False,Nominal,Continue drilling. Optimize WOB for maximum ROP.,5.484642324758223,System operating in nominal envelope
7739.0,7739.0,41.30278745148821,60.861151184940326,30.657955623226435,4396.888979294292,32543.188209595624,Granite Basement,Rotating (Rotary),False,Nominal,Continue drilling. Optimize WOB for maximum ROP.,7.102761779018614,System operating in nominal envelope
7750.5,7750.5,43.59614856785373,60.49004843507693,21.017219593937366,4414.301283615991,29709.683294522227,Granite Basement,Rotating (Rotary),False,Nominal,Continue drilling. Optimize WOB for maximum ROP.,10.65888605101759,System operating in nominal envelope
7762.0,7762.0,41.7869679402019,60.833761551929506,26.46283341448386,4436.97199488002,31291.97060825039,Granite Basement,Rotating (Rotary),False,Nominal,Continue drilling. Optimize WOB for maximum ROP.,11.155526231931791,System operating in nominal envelope
7773.5,7773.5,33.638772718700466,62.213023624084755,11.608403347764934,4347.101600727482,31295.90939528711,Granite Basement,Rotating (Rotary),False,Nominal,Continue drilling. Optimize WOB for maximum ROP.,5.395575065626131,System operating in nominal envelope
7785.0,7785.0,42.5827791628779,63.943518381911275,16.788234441731237,4434.466774549152,33160.938800058044,Granite Basement,Rotating (Rotary),False,Nominal,Continue drilling. Optimize WOB for maximum ROP.,9.030387579071322,System operating in nominal envelope
7796.5,7796.5,44.63998015207912,64.33047891065097,15.592169305671579,4417.806117819527,32740.097200723776,Granite Basement,Rotating (Rotary),False,Nominal,Continue drilling. Optimize WOB for maximum ROP.,11.491539648308727,System operating in nominal envelope
7808.0,7808.0,34.86684618619484,60.47852569190075,33.29543130992447,4411.4155572984,30346.239054105805,Granite Basement,Rotating (Rotary),False,Nominal,Continue drilling. Optimize WOB for maximum ROP.,11.980705464034017,System operating in nominal envelope
7819.5,7819.5,37.01635327859464,62.8812624208922,26.05243592377481,4411.301215839659,29511.90119580102,Granite Basement,Rotating (Rotary),False,Nominal,Continue drilling. Optimize WOB for maximum ROP.,11.381399025162693,System operating in nominal envelope
7831.0,7831.0,30.733431093404846,61.828414884786326,30.926356688527886,4392.272124029179,33670.10539116004,Granite Basement,Rotating (Rotary),False,Nominal,Continue drilling. Optimize WOB for maximum ROP.,8.205632243609244,System operating in nominal envelope
7842.5,7842.5,38.40186440683163,65.15926669413668,25.51855929626222,4406.242100563356,32093.47948150774,Granite Basement,Rotating (Rotary),False,Nominal,Continue drilling. Optimize WOB for maximum ROP.,5.935201235979095,System operating in nominal envelope
7854.0,7854.0,39.00327630906794,65.18088375026691,11.422855484664948,4446.632302569495,31815.286239804926,Granite Basement,Rotating (Rotary),False,Nominal,Continue drilling. Optimize WOB for maximum ROP.,9.271124464193342,System operating in nominal envelope
7865.5,7865.5,34.35182407793804,61.69322766601069,42.328742734396,4431.574309356916,30265.817532656074,Granite Basement,Rotating (Rotary),False,Nominal,Continue drilling. Optimize WOB for maximum ROP.,6.2875443736805545,System operating in nominal envelope
7877.0,7877.0,43.76229740996358,63.50529580098121,16.765419703831007,4431.960921532093,31268.26780486794,Granite Basement,Rotating (Rotary),False,Nominal,Continue drilling. Optimize WOB for maximum ROP.,14.47623658520667,System operating in nominal envelope
7888.5,7888.5,38.29442597037168,62.64438135035687,22.82003122893191,4400.035985612959,31864.92064763143,Granite Basement,Rotating (Rotary),False,Nominal,Continue drilling. Optimize WOB for maximum ROP.,9.751708660226281,System operating in nominal envelope
7900.0,7900.0,30.750331280065915,59.84903747305125,28.22980374645656,4421.659861664459,33561.35492181549,Granite Basement,Rotating (Rotary),False,Nominal,Continue drilling. Optimize WOB for maximum ROP.,8.172591743568676,System operating in nominal envelope
7911.5,7911.5,32.925170037420415,63.215090723544094,20.419452646184123,4394.237400276541,32682.298630844685,Granite Basement,Rotating (Rotary),False,Nominal,Continue drilling. Optimize WOB for maximum ROP.,12.663040711189002,System operating in nominal envelope
7923.0,7923.0,37.64418248279115,65.31449161885547,19.56464511977036,4401.660910785394,29974.346941856613,Granite Basement,Rotating (Rotary),False,Nominal,Continue drilling. Optimize WOB for maximum ROP.,9.979485925822638,System operating in nominal envelope
7934.5,7934.5,41.945839633873405,58.2016348113079,28.193230079322994,4363.956110047236,31007.334526617375,Granite Basement,Rotating (Rotary),False,Nominal,Continue drilling. Optimize WOB for maximum ROP.,8.1003402401245,System operating in nominal envelope
7946.0,7946.0,42.560994649007554,60.842096594786504,9.789963082314802,4425.3943348221,32760.059601807276,Granite Basement,Rotating (Rotary),False,Nominal,Continue drilling. Optimize WOB for maximum ROP.,13.119677423908017,System operating in nominal envelope
7957.5,7957.5,36.52362105430456,62.47605972481264,24.261751688964395,4447.830468032126,30943.291091035557,Granite Basement,Rotating (Rotary),False,Nominal,Continue drilling. Optimize WOB for maximum ROP.,13.67152151001122,System operating in nominal envelope
7969.0,7969.0,28.54435605703064,60.35437896916538,24.448280084080942,4448.857717813862,30427.33491459389,Granite Basement,Rotating (Rotary),False,Nominal,Continue drilling. Optimize WOB for maximum ROP.,11.73008166288677,System operating in nominal envelope
7980.5,7980.5,39.69811550305025,61.143626997855584,22.429754274310046,4442.701594274915,30448.696038709204,Granite Basement,Rotating (Rotary),False,Nominal,Continue drilling. Optimize WOB for maximum ROP.,5.4696442240766725,System operating in nominal envelope
7992.0,7992.0,40.318821444439045,62.392432402421086,29.431034408838297,4424.696718260901,31744.844313485544,Granite Basement,Rotating (Rotary),False,Nominal,Continue drilling. Optimize WOB for maximum ROP.,10.663228801665321,System operating in nominal envelope
8003.5,8003.5,30.210223141405585,64.89768516238975,33.09907661970373,4431.873631532973,31964.63500709833,Granite Basement,Rotating (Rotary),False,Nominal,Continue drilling. Optimize WOB for maximum ROP.,12.632949119972816,System operating in nominal envelope
8015.0,8015.0,32.78763995052423,60.22639749393113,37.18551797635975,4433.986282603108,30644.141154932124,Granite Basement,Rotating (Rotary),False,Nominal,Continue drilling. Optimize WOB for maximum ROP.,6.365030120835822,System operating in nominal envelope
8026.5,8026.5,34.74426604345819,60.611133051282835,20.992826590652395,4447.229725790075,30187.252717524912,Granite Basement,Rotating (Rotary),False,Nominal,Continue drilling. Optimize WOB for maximum ROP.,7.286707513846034,System operating in nominal envelope
8038.0,8038.0,39.206322392750664,61.16784898904372,12.49002565022617,4440.7053285275015,30921.96933320638,Granite Basement,Rotating (Rotary),False,Nominal,Continue drilling. Optimize WOB for maximum ROP.,13.824951050681364,System operating in nominal envelope
8049.5,8049.5,39.22205420308911,66.3873326791181,29.264692938888132,4444.420040769586,31745.988416034324,Granite Basement,Rotating (Rotary),False,Nominal,Continue drilling. Optimize WOB for maximum ROP.,5.20121721853074,System operating in nominal envelope
8061.0,8061.0,33.176544113122546,66.25628664532401,18.42894923401768,4449.93821991057,33281.987733805305,Granite Basement,Rotating (Rotary),False,Nominal,Continue drilling. Optimize WOB for maximum ROP.,12.52727137825976,System operating in nominal envelope
8072.5,8072.5,44.908635305719734,63.93788873508696,22.111182502634186,4459.6260021463095,31755.554704153637,Granite Basement,Rotating (Rotary),False,Nominal,Continue drilling. Optimize WOB for maximum ROP.,9.737732925144229,System operating in nominal envelope
8084.0,8084.0,42.562020302200715,62.350899674620116,22.58757228333512,4397.5432574103215,30280.032383815953,Granite Basement,Rotating (Rotary),False,Nominal,Continue drilling. Optimize WOB for maximum ROP.,9.467721588396069,System operating in nominal envelope
8095.5,8095.5,39.17799613602911,61.85852877775026,25.091268317439216,4478.114269744842,29369.39676446982,Granite Basement,Rotating (Rotary),False,Nominal,Continue drilling. Optimize WOB for maximum ROP.,5.0709653249488715,System operating in nominal envelope
8107.0,8107.0,31.091678943528812,63.899280738710424,17.434489499517777,4446.19853213895,31958.214089450335,Granite Basement,Rotating (Rotary),False,Nominal,Continue drilling. Optimize WOB for maximum ROP.,13.193982309664928,System operating in nominal envelope
8118.5,8118.5,42.86196674029945,64.60431166014713,28.406915368243006,4464.0686075752965,31358.567166425124,Granite Basement,Rotating (Rotary),False,Nominal,Continue drilling. Optimize WOB for maximum ROP.,8.598249006365664,System operating in nominal envelope
8130.0,8130.0,35.313808241648076,64.13888914755178,18.45502122946369,4491.637022358098,32669.10673149727,Granite Basement,Rotating (Rotary),False,Nominal,Continue drilling. Optimize WOB for maximum ROP.,10.407656313005429,System operating in nominal envelope
8141.5,8141.5,39.37338580563779,58.76714614060338,9.789395819555551,4465.629757779391,31992.058926845893,Granite Basement,Rotating (Rotary),False,Nominal,Continue drilling. Optimize WOB for maximum ROP.,11.773006863356594,System operating in nominal envelope
8153.0,8153.0,33.58522139313302,61.29215275814058,26.956238343076595,4444.718506321479,30179.251186522666,Granite Basement,Rotating (Rotary),False,Nominal,Continue drilling. Optimize WOB for maximum ROP.,12.026295764379158,System operating in nominal envelope
8164.5,8164.5,38.955599713973946,61.514327170053704,36.58109405947104,4434.2652124960405,32645.188182046888,Granite Basement,Rotating (Rotary),False,Nominal,Continue drilling. Optimize WOB for maximum ROP.,14.559800588260723,System operating in nominal envelope
8176.0,8176.0,36.16246636138316,60.46958270711295,22.94058127495942,4466.3601916353,31109.03191731629,Granite Basement,Rotating (Rotary),False,Nominal,Continue drilling. Optimize WOB for maximum ROP.,10.313399532366091,System operating in nominal envelope
8187.5,8187.5,40.81068197655375,57.226609781231765,20.87265210132743,4487.957558121317,31579.36713256764,Granite Basement,Rotating (Rotary),False,Nominal,Continue drilling. Optimize WOB for maximum ROP.,8.997195509744277,System operating in nominal envelope
8199.0,8199.0,37.660910213958495,61.906073387551295,24.314074805256702,4412.639967413877,33132.472544378936,Granite Basement,Rotating (Rotary),False,Nominal,Continue drilling. Optimize WOB for maximum ROP.,14.537036264917079,System operating in nominal envelope
8210.5,8210.5,39.683408095700024,64.3788744264351,21.96592770916917,4431.310938560992,32017.03131374647,Granite Basement,Rotating (Rotary),False,Nominal,Continue drilling. Optimize WOB for maximum ROP.,11.421102350255211,System operating in nominal envelope
8222.0,8222.0,41.21772894582268,56.681931449121265,27.285198424819583,4455.2826424939685,30841.719843883915,Granite Basement,Rotating (Rotary),False,Nominal,Continue drilling. Optimize WOB for maximum ROP.,7.981503562765556,System operating in nominal envelope
8233.5,8233.5,39.786167911999165,60.23093526294493,17.185519072404418,4440.875653395599,31379.153417535395,Granite Basement,Rotating (Rotary),False,Nominal,Continue drilling. Optimize WOB for maximum ROP.,6.2646424540357115,System operating in nominal envelope
8245.0,8245.0,41.19953804271808,61.07698199888139,16.107066961585808,4386.925294516959,31090.694314168988,Granite Basement,Rotating (Rotary),False,Nominal,Continue drilling. Optimize WOB for maximum ROP.,13.425545014651814,System operating in nominal envelope
8256.5,8256.5,31.801151901248407,58.90643340444357,26.38020200137385,4463.255211795825,32950.87578444707,Granite Basement,Rotating (Rotary),False,Nominal,Continue drilling. Optimize WOB for maximum ROP.,8.621816027941517,System operating in nominal envelope
8268.0,8268.0,35.69528712478019,63.13976048792676,15.226843721429319,4449.9627422445255,30741.496396873845,Granite Basement,Rotating (Rotary),False,Nominal,Continue drilling. Optimize WOB for maximum ROP.,11.604697213644311,System operating in nominal envelope
8279.5,8279.5,31.34305053434347,61.025190733601384,20.838651347600074,4466.311337248003,31394.48695234374,Granite Basement,Rotating (Rotary),False,Nominal,Continue drilling. Optimize WOB for maximum ROP.,9.70816419365898,System operating in nominal envelope
8291.0,8291.0,34.40616496935223,63.520615479212424,16.383150656156893,4430.351702001335,32347.422481917074,Granite Basement,Rotating (Rotary),False,Nominal,Continue drilling. Optimize WOB for maximum ROP.,6.989297797950384,System operating in nominal envelope
8302.5,8302.5,35.140746098058464,58.333037023460804,27.91877347217407,4451.664946327859,32565.04120465795,Granite Basement,Rotating (Rotary),False,Nominal,Continue drilling. Optimize WOB for maximum ROP.,11.01686608620465,System operating in nominal envelope
8314.0,8314.0,41.718004025706534,63.30535636483484,18.070486618707285,4437.528254286741,31138.778167034307,Granite Basement,Rotating (Rotary),False,Nominal,Continue drilling. Optimize WOB for maximum ROP.,5.606830689506824,System operating in nominal envelope
8325.5,8325.5,43.05618463534835,59.008028383934224,37.90511353304226,4488.382442234728,32475.105626158776,Granite Basement,Rotating (Rotary),False,Nominal,Continue drilling. Optimize WOB for maximum ROP.,9.133424598711922,System operating in nominal envelope
8337.0,8337.0,36.44319094800791,63.780805398950406,12.333694118754066,4524.001295913471,30825.535288788404,Granite Basement,Rotating (Rotary),False,Nominal,Continue drilling. Optimize WOB for maximum ROP.,10.46614939663671,System operating in nominal envelope
8348.5,8348.5,30.855961871150498,63.78178007215333,27.3235802214961,4420.801244798536,31093.427594191788,Granite Basement,Rotating (Rotary),False,Nominal,Continue drilling. Optimize WOB for maximum ROP.,9.36046974118579,System operating in nominal envelope
8360.0,8360.0,38.70366703995367,63.06361216046043,16.762395506385143,4474.357246395021,32896.52146813823,Granite Basement,Rotating (Rotary),False,Nominal,Continue drilling. Optimize WOB for maximum ROP.,12.486721752509908,System operating in nominal envelope
8371.5,8371.5,35.42741847385758,60.06835138682294,27.429312426820662,4490.474795296565,32483.23525852741,Granite Basement,Rotating (Rotary),False,Nominal,Continue drilling. Optimize WOB for maximum ROP.,13.279249545453125,System operating in nominal envelope
8383.0,8383.0,42.49727593418173,59.054897831559046,29.590727179067677,4512.320602788779,33163.37657490979,Granite Basement,Rotating (Rotary),False,Nominal,Continue drilling. Optimize WOB for maximum ROP.,12.71243074033178,System operating in nominal envelope
8394.5,8394.5,44.77083585333003,57.858441980805566,29.48324286055581,4458.448796593434,30697.048620935308,Granite Basement,Rotating (Rotary),False,Nominal,Continue drilling. Optimize WOB for maximum ROP.,5.388129478118021,System operating in nominal envelope
8406.0,8406.0,34.00946518951184,63.89373787334372,26.156507779827407,4506.743403599918,32259.161566891726,Granite Basement,Rotating (Rotary),False,Nominal,Continue drilling. Optimize WOB for maximum ROP.,6.941287704459722,System operating in nominal envelope
8417.5,8417.5,34.24608130457715,59.88287258468659,23.703451652730664,4504.640472632416,32351.049112264624,Granite Basement,Rotating (Rotary),False,Nominal,Continue drilling. Optimize WOB for maximum ROP.,10.366075092637743,System operating in nominal envelope
8429.0,8429.0,36.41194372608962,56.93548031722156,14.268537660381252,4447.548689532889,33587.26964315658,Granite Basement,Rotating (Rotary),False,Nominal,Continue drilling. Optimize WOB for maximum ROP.,14.348220404438013,System operating in nominal envelope
8440.5,8440.5,38.72002332064011,64.518609932988,31.12815808508098,4443.8669332999425,31701.703838460944,Granite Basement,Rotating (Rotary),False,Nominal,Continue drilling. Optimize WOB for maximum ROP.,13.34956775052117,System operating in nominal envelope
8452.0,8452.0,38.04749742324755,69.17100763916692,22.686706795786872,4434.445018528045,32656.131554633197,Granite Basement,Rotating (Rotary),False,Nominal,Continue drilling. Optimize WOB for maximum ROP.,13.425345083518017,System operating in nominal envelope
8463.5,8463.5,40.93329658837936,63.103267879248115,9.879948969373016,4458.75109507225,31750.0640605656,Granite Basement,Rotating (Rotary),False,Nominal,Continue drilling. Optimize WOB for maximum ROP.,8.032081937596748,System operating in nominal envelope
8475.0,8475.0,40.2923405021713,62.74539616497631,26.793910785593802,4493.966504216078,32655.465210995168,Granite Basement,Rotating (Rotary),False,Nominal,Continue drilling. Optimize WOB for maximum ROP.,9.294478970787026,System operating in nominal envelope
8486.5,8486.5,38.56273979523345,59.79732915834677,34.91614908336544,4461.114480908774,32795.91420523365,Granite Basement,Rotating (Rotary),False,Nominal,Continue drilling. Optimize WOB for maximum ROP.,9.707059473159374,System operating in nominal envelope
8498.0,8498.0,37.095180342014196,62.115006868133186,29.05716786005752,4457.224640625156,32780.65047503205,Granite Basement,Rotating (Rotary),False,Nominal,Continue drilling. Optimize WOB for maximum ROP.,6.573715833499104,System operating in nominal envelope
8509.5,8509.5,45.37662625856225,59.804192307050656,28.913320486715858,4471.3098025245445,31752.738947397924,Granite Basement,Rotating (Rotary),False,Nominal,Continue drilling. Optimize WOB for maximum ROP.,5.310681302444563,System operating in nominal envelope
8521.0,8521.0,37.180462977318996,59.81759727386575,17.036316835715688,4503.715188223089,32287.479815899776,Granite Basement,Rotating (Rotary),False,Nominal,Continue drilling. Optimize WOB for maximum ROP.,14.469028994605168,System operating in nominal envelope
8532.5,8532.5,43.150682644200884,65.95047188197219,27.910839060480892,4485.957412431195,31842.46358941489,Granite Basement,Rotating (Rotary),False,Nominal,Continue drilling. Optimize WOB for maximum ROP.,27.0,PROACTIVE ML WARNING: Impending Stick-Slip (27% risk). Adjust RPM immediately.
8544.0,8544.0,34.72552833302622,64.40496574635105,11.532651509441868,4429.710411384771,32016.118804037054,Granite Basement,Rotating (Rotary),False,Nominal,Continue drilling. Optimize WOB for maximum ROP.,34.0,PROACTIVE ML WARNING: Impending Stick-Slip (34% risk). Adjust RPM immediately.
8555.5,8555.5,43.7129953480302,58.5942035081674,20.91090455819222,4479.148325451721,29954.30729053507,Granite Basement,Rotating (Rotary),False,Nominal,Continue drilling. Optimize WOB for maximum ROP.,41.0,PROACTIVE ML WARNING: Impending Stick-Slip (41% risk). Adjust RPM immediately.
8567.0,8567.0,43.39041911156254,50.63393870410527,13.626635476285163,4517.284134652205,32588.800080065244,Granite Basement,Rotating (Rotary),False,Nominal,Continue drilling. Optimize WOB for maximum ROP.,48.0,PROACTIVE ML WARNING: Impending Stick-Slip (48% risk). Adjust RPM immediately.
8578.5,8578.5,33.91381290641289,69.5816801292932,31.143590521971944,4462.642328001431,31801.49014626623,Granite Basement,Rotating (Rotary),False,Nominal,Continue drilling. Optimize WOB for maximum ROP.,56.0,PROACTIVE ML WARNING: Impending Stick-Slip (56% risk). Adjust RPM immediately.
8590.0,8590.0,39.28650092988647,67.9506318377408,30.566242628011803,4492.615624385116,29565.361589180422,Granite Basement,Rotating (Rotary),False,Nominal,Continue drilling. Optimize WOB for maximum ROP.,63.0,PROACTIVE ML WARNING: Impending Stick-Slip (63% risk). Adjust RPM immediately.
8601.5,8601.5,42.033209666517905,59.95223102693602,21.897616088150514,4497.161526531176,31103.450195085745,Granite Basement,Rotating (Rotary),False,Nominal,Continue drilling. Optimize WOB for maximum ROP.,70.0,PROACTIVE ML WARNING: Impending Stick-Slip (70% risk). Adjust RPM immediately.
8613.0,8613.0,33.50887832340096,51.51695321853666,18.85288297312571,4541.191176238428,31102.832966273898,Granite Basement,Rotating (Rotary),False,Nominal,Continue drilling. Optimize WOB for maximum ROP.,77.0,PROACTIVE ML WARNING: Impending Stick-Slip (77% risk). Adjust RPM immediately.
8624.5,8624.5,39.58249494478552,64.36079127432636,38.93230948733117,4465.4024104905675,35820.78058889891,Granite Basement,Rotating (Rotary),False,Nominal,Continue drilling. Optimize WOB for maximum ROP.,84.0,PROACTIVE ML WARNING: Impending Stick-Slip (84% risk). Adjust RPM immediately.
8636.0,8636.0,38.745299544290845,74.64052920543422,29.38946780920356,4452.155986873663,31379.648501233907,Granite Basement,Rotating (Rotary),False,Nominal,Continue drilling. Optimize WOB for maximum ROP.,92.0,PROACTIVE ML WARNING: Impending Stick-Slip (92% risk). Adjust RPM immediately.
8647.5,8647.5,39.80563743668245,15.0,5.494818995654189,4477.068208705267,43318.000619863335,Granite Basement,Rotating (Rotary),True,Severe Stick-Slip Vibration,Decrease WOB by 5 klbs and increase RPM by 15 to break torsional resonance.,6.8677252823112935,System operating in nominal envelope
8659.0,8659.0,41.47233216126523,58.135675533273165,34.63691930310803,4532.465974454517,32126.88577321625,Granite Basement,Rotating (Rotary),False,Nominal,Continue drilling. Optimize WOB for maximum ROP.,13.312458050899425,System operating in nominal envelope
8670.5,8670.5,32.89991455575656,58.5854396114614,37.65234225424493,4489.915767255818,32049.040594169554,Granite Basement,Rotating (Rotary),False,Nominal,Continue drilling. Optimize WOB for maximum ROP.,12.667683563383356,System operating in nominal envelope
8682.0,8682.0,40.6830998724975,61.39329680796992,16.668238764294568,4468.900769808353,32843.16062540931,Granite Basement,Rotating (Rotary),False,Nominal,Continue drilling. Optimize WOB for maximum ROP.,8.506426914571469,System operating in nominal envelope
8693.5,8693.5,44.18818050813482,61.28903837598373,22.958834280237316,4535.244551815445,32241.39296874473,Granite Basement,Rotating (Rotary),False,Nominal,Continue drilling. Optimize WOB for maximum ROP.,8.768106277742124,System operating in nominal envelope
8705.0,8705.0,36.026293787060716,61.1477303066348,19.48703329867784,4507.10791730938,31584.254893869747,Granite Basement,Rotating (Rotary),False,Nominal,Continue drilling. Optimize WOB for maximum ROP.,10.335544335535793,System operating in nominal envelope
8716.5,8716.5,37.370600640793,62.196442574297876,16.55411869215227,4444.10164763963,32000.31958134926,Granite Basement,Rotating (Rotary),False,Nominal,Continue drilling. Optimize WOB for maximum ROP.,5.002410046851345,System operating in nominal envelope
8728.0,8728.0,33.61733686781817,57.781639132223226,18.611440722008272,4453.3926875533025,30019.85132660138,Granite Basement,Rotating (Rotary),False,Nominal,Continue drilling. Optimize WOB for maximum ROP.,7.412443360380278,System operating in nominal envelope
8739.5,8739.5,45.42238472260096,60.68530081026199,24.99609541524045,4503.603752656701,31937.325674064912,Granite Basement,Rotating (Rotary),False,Nominal,Continue drilling. Optimize WOB for maximum ROP.,7.082318086082145,System operating in nominal envelope
8751.0,8751.0,37.705714849241225,59.01176559100189,11.211793924667587,4536.35318870698,33473.45873485257,Granite Basement,Rotating (Rotary),False,Nominal,Continue drilling. Optimize WOB for maximum ROP.,7.504829467497634,System operating in nominal envelope
8762.5,8762.5,34.10869135463176,61.30047414405748,18.46513126170974,4476.886555127246,32052.514384373804,Granite Basement,Rotating (Rotary),False,Nominal,Continue drilling. Optimize WOB for maximum ROP.,13.059058425334413,System operating in nominal envelope
8774.0,8774.0,46.22721305766509,64.97637148585899,32.40484322511555,4507.234350765805,32621.468999545148,Granite Basement,Rotating (Rotary),False,Nominal,Continue drilling. Optimize WOB for maximum ROP.,7.796738565464432,System operating in nominal envelope
8785.5,8785.5,35.85699954537868,59.959456888645086,25.056859029765974,4504.793576574241,32440.906647951753,Granite Basement,Rotating (Rotary),False,Nominal,Continue drilling. Optimize WOB for maximum ROP.,6.915213220501482,System operating in nominal envelope
8797.0,8797.0,32.00741336767421,59.99293889012289,38.99132054360254,4501.9106784101405,31417.373160076193,Granite Basement,Rotating (Rotary),False,Nominal,Continue drilling. Optimize WOB for maximum ROP.,10.042634607930315,System operating in nominal envelope
8808.5,8808.5,32.73324581888381,63.26397310458969,20.926579583801896,4541.907827708207,33980.423122001695,Granite Basement,Rotating (Rotary),False,Nominal,Continue drilling. Optimize WOB for maximum ROP.,13.65645036372732,System operating in nominal envelope
8820.0,8820.0,39.867431920336756,63.424400892996616,27.31341296020035,4510.487043288833,31392.061040246677,Granite Basement,Rotating (Rotary),False,Nominal,Continue drilling. Optimize WOB for maximum ROP.,7.413497038374999,System operating in nominal envelope
8831.5,8831.5,28.377464876165195,63.70517372515658,39.55615268746864,4509.674447591549,31257.057412718135,Granite Basement,Rotating (Rotary),False,Nominal,Continue drilling. Optimize WOB for maximum ROP.,5.785362427927987,System operating in nominal envelope
8843.0,8843.0,35.4352507285959,60.992310027337425,19.819123849682306,4557.228832555119,30591.389055103955,Granite Basement,Rotating (Rotary),False,Nominal,Continue drilling. Optimize WOB for maximum ROP.,8.564047358496648,System operating in nominal envelope
8854.5,8854.5,37.44130339096277,64.10183620532388,19.95551892023336,4513.555062683832,30088.45312090973,Granite Basement,Rotating (Rotary),False,Nominal,Continue drilling. Optimize WOB for maximum ROP.,12.476518245649778,System operating in nominal envelope
8866.0,8866.0,35.692053153793594,61.80694738694238,10.502310669232143,4519.926091465745,31956.680685429666,Granite Basement,Rotating (Rotary),False,Nominal,Continue drilling. Optimize WOB for maximum ROP.,10.506905446947947,System operating in nominal envelope
8877.5,8877.5,42.04297575273125,62.63142211499156,32.37005447879179,4544.813301189847,31985.064573401414,Granite Basement,Rotating (Rotary),False,Nominal,Continue drilling. Optimize WOB for maximum ROP.,13.167933695743475,System operating in nominal envelope
8889.0,8889.0,39.77287218351048,65.36556439050688,41.2705038753963,4524.176265900444,31393.076550884347,Granite Basement,Rotating (Rotary),False,Nominal,Continue drilling. Optimize WOB for maximum ROP.,14.59592147609234,System operating in nominal envelope
8900.5,8900.5,41.37834106466359,63.434361052511036,26.224637664278085,4480.132389586542,30093.16808172982,Granite Basement,Rotating (Rotary),False,Nominal,Continue drilling. Optimize WOB for maximum ROP.,12.92662476751617,System operating in nominal envelope
8912.0,8912.0,38.55298055151931,60.46469358747921,29.28505880658227,4516.484567490302,33234.780605423606,Granite Basement,Rotating (Rotary),False,Nominal,Continue drilling. Optimize WOB for maximum ROP.,11.038030788437535,System operating in nominal envelope
8923.5,8923.5,33.6641676629396,61.72122793214264,20.856520941214715,4493.755837978686,31076.63169128185,Granite Basement,Rotating (Rotary),False,Nominal,Continue drilling. Optimize WOB for maximum ROP.,9.933415880523805,System operating in nominal envelope
8935.0,8935.0,36.18494678610478,58.86216157006651,1.7361899559827627,4511.608632962046,30887.81646056274,Granite Basement,Rotating (Rotary),False,Nominal,Continue drilling. Optimize WOB for maximum ROP.,5.400690863482667,System operating in nominal envelope
8946.5,8946.5,45.80129369310632,64.72192413554168,15.09542696038653,4506.312481876876,31520.550402316734,Granite Basement,Rotating (Rotary),False,Nominal,Continue drilling. Optimize WOB for maximum ROP.,14.843219788140413,System operating in nominal envelope
8958.0,8958.0,44.44374693568129,66.74322173693278,25.33217951989782,4520.557343206164,32617.695463450396,Granite Basement,Rotating (Rotary),False,Nominal,Continue drilling. Optimize WOB for maximum ROP.,8.834811225750425,System operating in nominal envelope
8969.5,8969.5,32.92044333227146,60.970441577590854,22.338235091493726,4520.858199169299,31003.633891132158,Granite Basement,Rotating (Rotary),False,Nominal,Continue drilling. Optimize WOB for maximum ROP.,6.522282139168668,System operating in nominal envelope
8981.0,8981.0,37.65268168146537,61.797803755336346,18.550677266627684,4519.7864622624365,30341.819267494913,Granite Basement,Rotating (Rotary),False,Nominal,Continue drilling. Optimize WOB for maximum ROP.,11.667088553964568,System operating in nominal envelope
8992.5,8992.5,33.118579790340114,64.4445388742155,34.53625541919761,4466.758826453992,32759.72065490208,Granite Basement,Rotating (Rotary),False,Nominal,Continue drilling. Optimize WOB for maximum ROP.,7.842882890954593,System operating in nominal envelope
9004.0,9004.0,36.85171376946604,55.492157280431755,16.319453528540258,4511.287235950817,31429.91089587261,Granite Basement,Rotating (Rotary),False,Nominal,Continue drilling. Optimize WOB for maximum ROP.,10.857782709310477,System operating in nominal envelope
9015.5,9015.5,36.042170103528676,65.82548799715838,11.858246311074716,4537.863179057544,30490.375987099116,Granite Basement,Rotating (Rotary),False,Nominal,Continue drilling. Optimize WOB for maximum ROP.,10.867679078445912,System operating in nominal envelope
9027.0,9027.0,36.75733419308287,61.46635805162391,27.887396772750147,4534.564979684083,30915.434149876117,Granite Basement,Rotating (Rotary),False,Nominal,Continue drilling. Optimize WOB for maximum ROP.,9.457298209028693,System operating in nominal envelope
9038.5,9038.5,45.35358535222887,64.03875255611065,21.28928418023298,4521.877787316731,31299.9996856098,Granite Basement,Rotating (Rotary),False,Nominal,Continue drilling. Optimize WOB for maximum ROP.,13.361186155450426,System operating in nominal envelope
9050.0,9050.0,42.48643546731815,60.431716385121746,20.186440134632356,4525.130567724999,31555.908108854146,Granite Basement,Rotating (Rotary),False,Nominal,Continue drilling. Optimize WOB for maximum ROP.,7.64967061555443,System operating in nominal envelope
9061.5,9061.5,32.78463091804042,62.807436259044174,19.94463767106233,4523.394900703615,32046.262592624735,Granite Basement,Rotating (Rotary),False,Nominal,Continue drilling. Optimize WOB for maximum ROP.,9.486325916177343,System operating in nominal envelope
9073.0,9073.0,42.63912093548958,59.80806554697039,27.304252490632372,4568.6410071004475,29591.580931267537,Granite Basement,Rotating (Rotary),False,Nominal,Continue drilling. Optimize WOB for maximum ROP.,10.376921285909715,System operating in nominal envelope
9084.5,9084.5,39.80663659360117,60.011107330147794,7.152176820909109,4537.369848446526,32897.23438737809,Granite Basement,Rotating (Rotary),False,Nominal,Continue drilling. Optimize WOB for maximum ROP.,11.636247207672996,System operating in nominal envelope
9096.0,9096.0,39.9104302684651,55.76682294917481,19.578456546220387,4503.53837991192,33279.04967047183,Granite Basement,Rotating (Rotary),False,Nominal,Continue drilling. Optimize WOB for maximum ROP.,12.839718505055895,System operating in nominal envelope
9107.5,9107.5,33.53925613524591,61.5051556775383,16.01004467154098,4580.297658454089,29499.802986051018,Granite Basement,Rotating (Rotary),False,Nominal,Continue drilling. Optimize WOB for maximum ROP.,8.94807282878256,System operating in nominal envelope
9119.0,9119.0,43.69024039608258,66.64425585884433,39.928410613749605,4526.934219392743,30146.95444884091,Granite Basement,Rotating (Rotary),False,Nominal,Continue drilling. Optimize WOB for maximum ROP.,11.46046944096596,System operating in nominal envelope
9130.5,9130.5,44.05888108864695,63.697367469405584,22.781263384059287,4510.129941276565,31446.459959804863,Granite Basement,Rotating (Rotary),False,Nominal,Continue drilling. Optimize WOB for maximum ROP.,6.506109530685191,System operating in nominal envelope
9142.0,9142.0,39.2572349575392,65.62750359532833,34.461373020148486,4553.345426028434,30323.505323932644,Granite Basement,Rotating (Rotary),False,Nominal,Continue drilling. Optimize WOB for maximum ROP.,14.326481005424785,System operating in nominal envelope
9153.5,9153.5,39.18990213204999,63.71766448964729,23.727725601830883,4568.943521481965,30286.154367531202,Granite Basement,Rotating (Rotary),False,Nominal,Continue drilling. Optimize WOB for maximum ROP.,8.830588064210035,System operating in nominal envelope
9165.0,9165.0,35.98047270483498,58.08035143658636,10.015409141756278,4541.867749440123,34242.61975433019,Granite Basement,Rotating (Rotary),False,Nominal,Continue drilling. Optimize WOB for maximum ROP.,12.295214219764384,System operating in nominal envelope
9176.5,9176.5,37.877333678012015,63.601357337686935,14.125955637811735,4537.196955041404,31376.46416665281,Granite Basement,Rotating (Rotary),False,Nominal,Continue drilling. Optimize WOB for maximum ROP.,5.2034108188217765,System operating in nominal envelope
9188.0,9188.0,38.88458962317262,60.10809005746018,31.283732230799522,4480.291957375536,32804.49470480099,Granite Basement,Rotating (Rotary),False,Nominal,Continue drilling. Optimize WOB for maximum ROP.,7.05187142904807,System operating in nominal envelope
9199.5,9199.5,38.1963117120341,62.572686720514255,30.87053341618599,4562.817950317889,31744.978905201668,Granite Basement,Rotating (Rotary),False,Nominal,Continue drilling. Optimize WOB for maximum ROP.,9.87082544323578,System operating in nominal envelope
9211.0,9211.0,36.86956763667937,65.27995934643486,14.347535725788555,4544.899643148317,31711.904722417614,Granite Basement,Rotating (Rotary),False,Nominal,Continue drilling. Optimize WOB for maximum ROP.,13.782524677323465,System operating in nominal envelope
9222.5,9222.5,39.090432246346495,59.92011270626387,15.896614517565888,4521.842931836788,30609.609813878797,Granite Basement,Rotating (Rotary),False,Nominal,Continue drilling. Optimize WOB for maximum ROP.,10.272551499506772,System operating in nominal envelope
9234.0,9234.0,46.07413133146446,65.32834765497101,24.541528499322784,4586.729187553607,30164.598638645322,Granite Basement,Rotating (Rotary),False,Nominal,Continue drilling. Optimize WOB for maximum ROP.,14.29870482293879,System operating in nominal envelope
9245.5,9245.5,33.084671024224434,60.26076280700734,20.988654446426626,4516.686825414586,32853.625735034184,Granite Basement,Rotating (Rotary),False,Nominal,Continue drilling. Optimize WOB for maximum ROP.,9.837968965827963,System operating in nominal envelope
9257.0,9257.0,42.05984146803726,63.510302223971294,33.57017262237967,4598.15096880262,29884.44690833142,Granite Basement,Rotating (Rotary),False,Nominal,Continue drilling. Optimize WOB for maximum ROP.,9.9044909673595,System operating in nominal envelope
9268.5,9268.5,42.356475307522764,59.566552904932415,22.2711804243541,4566.658333411829,31867.07029962464,Granite Basement,Rotating (Rotary),False,Nominal,Continue drilling. Optimize WOB for maximum ROP.,6.197467885005318,System operating in nominal envelope
9280.0,9280.0,34.8690451495064,0.0,19.315117507274433,5468.645302394648,1000.1024228436224,Granite Basement,Sliding (Directional),False,Nominal,Continue drilling. Optimize WOB for maximum ROP.,13.026562441522199,System operating in nominal envelope
9291.5,9291.5,34.9945823496633,0.0,13.627734602449962,5445.3696202312485,797.5635682672702,Granite Basement,Sliding (Directional),False,Nominal,Continue drilling. Optimize WOB for maximum ROP.,7.469654124670625,System operating in nominal envelope
9303.0,9303.0,38.12930416207448,0.022274520368010486,18.891064840134607,5414.7626678745955,1059.3729671643885,Granite Basement,Sliding (Directional),False,Nominal,Continue drilling. Optimize WOB for maximum ROP.,13.99612489372315,System operating in nominal envelope
9314.5,9314.5,40.791622672745454,0.0,19.849574140975896,5413.0561225517795,1179.2144292815406,Granite Basement,Sliding (Directional),False,Nominal,Continue drilling. Optimize WOB for maximum ROP.,14.108242203303961,System operating in nominal envelope
9326.0,9326.0,32.78313408437196,0.07029598007044034,24.614393329543393,5371.62436876563,1007.0402353090554,Granite Basement,Sliding (Directional),False,Nominal,Continue drilling. Optimize WOB for maximum ROP.,14.433101118741497,System operating in nominal envelope
9337.5,9337.5,34.39800767437785,0.0,12.594413608046066,5441.100744539322,768.5797727185532,Granite Basement,Sliding (Directional),False,Nominal,Continue drilling. Optimize WOB for maximum ROP.,10.2023048910309,System operating in nominal envelope
9349.0,9349.0,40.26647632281066,0.0,17.60234389679867,5417.020750319726,1111.627856547255,Granite Basement,Sliding (Directional),False,Nominal,Continue drilling. Optimize WOB for maximum ROP.,11.770937847836443,System operating in nominal envelope
9360.5,9360.5,39.013909905922525,0.0,17.77457664714748,5433.091527881724,981.4400979850365,Granite Basement,Sliding (Directional),False,Nominal,Continue drilling. Optimize WOB for maximum ROP.,12.785158800616635,System operating in nominal envelope
9372.0,9372.0,36.11165830455168,0.0,11.74774589776299,5400.0110551862,994.7488584990646,Granite Basement,Sliding (Directional),False,Nominal,Continue drilling. Optimize WOB for maximum ROP.,6.310146186504656,System operating in nominal envelope
9383.5,9383.5,33.76662348938443,0.05173222957107763,13.55215354451828,5430.998494396442,1117.4310602422859,Granite Basement,Sliding (Directional),False,Nominal,Continue drilling. Optimize WOB for maximum ROP.,11.009571949974973,System operating in nominal envelope
9395.0,9395.0,39.55060081797967,0.11015951445473265,16.30947654078815,5437.71934519579,876.1519475796787,Granite Basement,Sliding (Directional),False,Nominal,Continue drilling. Optimize WOB for maximum ROP.,5.3429790130331165,System operating in nominal envelope
9406.5,9406.5,39.383733125007716,0.0014356933815883885,26.109522437136903,5375.3580585407235,1024.0734435960221,Granite Basement,Sliding (Directional),False,Nominal,Continue drilling. Optimize WOB for maximum ROP.,9.97566083388726,System operating in nominal envelope
9418.0,9418.0,36.63185077872347,0.0,21.26549203572797,5437.773713992786,1046.8567315699856,Granite Basement,Sliding (Directional),False,Nominal,Continue drilling. Optimize WOB for maximum ROP.,6.548426816202274,System operating in nominal envelope
9429.5,9429.5,33.220101007546226,0.14627605051499848,17.20876476012803,5444.120551531286,978.6780194589181,Granite Basement,Sliding (Directional),False,Nominal,Continue drilling. Optimize WOB for maximum ROP.,6.829229259620847,System operating in nominal envelope
9441.0,9441.0,41.91193843007376,0.17446307600569008,15.292729126095539,5401.704517198156,1123.0237280133226,Granite Basement,Sliding (Directional),False,Nominal,Continue drilling. Optimize WOB for maximum ROP.,8.650475666926015,System operating in nominal envelope
9452.5,9452.5,38.27692157245896,0.0146393982003389,15.202339690716244,5427.443925280043,1178.7561245660597,Granite Basement,Sliding (Directional),False,Nominal,Continue drilling. Optimize WOB for maximum ROP.,9.32437166716503,System operating in nominal envelope
9464.0,9464.0,33.74572471214396,0.0,18.46469975350696,5436.587367920261,1184.3822176445576,Granite Basement,Sliding (Directional),False,Nominal,Continue drilling. Optimize WOB for maximum ROP.,11.231724245321873,System operating in nominal envelope
9475.5,9475.5,34.76796594076123,0.4970379833357783,14.879356440508163,5439.659382774449,1191.3086106998521,Granite Basement,Sliding (Directional),False,Nominal,Continue drilling. Optimize WOB for maximum ROP.,5.744284184385156,System operating in nominal envelope
9487.0,9487.0,40.02676512988071,0.16789370090368094,19.742935750346646,5464.4148677938565,1158.6052458067338,Granite Basement,Sliding (Directional),False,Nominal,Continue drilling. Optimize WOB for maximum ROP.,10.036917612374445,System operating in nominal envelope
9498.5,9498.5,36.80267042146239,0.0,14.542076671311118,5443.195187758105,1139.9692108511604,Granite Basement,Sliding (Directional),False,Nominal,Continue drilling. Optimize WOB for maximum ROP.,6.826251302531011,System operating in nominal envelope
9510.0,9510.0,42.04765346971467,0.2905233490972359,14.933218470199654,5412.891977023165,874.461894430558,Granite Basement,Sliding (Directional),False,Nominal,Continue drilling. Optimize WOB for maximum ROP.,10.739751750317419,System operating in nominal envelope
9521.5,9521.5,39.16892813911895,0.0,15.787373479143515,5470.525066971679,1063.6100292277677,Granite Basement,Sliding (Directional),False,Nominal,Continue drilling. Optimize WOB for maximum ROP.,11.374046122611835,System operating in nominal envelope
9533.0,9533.0,32.54354380929959,0.0,20.41002769580934,5444.665231257046,680.1106560767746,Granite Basement,Sliding (Directional),False,Nominal,Continue drilling. Optimize WOB for maximum ROP.,10.567092565528538,System operating in nominal envelope
9544.5,9544.5,37.399015391385184,0.6486185939189467,15.094899237976255,5496.257906265403,972.7826396128725,Granite Basement,Sliding (Directional),False,Nominal,Continue drilling. Optimize WOB for maximum ROP.,12.382955104783075,System operating in nominal envelope
9556.0,9556.0,41.783209753207714,0.34063452198360755,12.64533467361669,5398.529273564099,732.043680196797,Granite Basement,Sliding (Directional),False,Nominal,Continue drilling. Optimize WOB for maximum ROP.,8.356092442409013,System operating in nominal envelope
9567.5,9567.5,40.214402816060684,0.09937471810151943,4.5983166508978375,5467.144286374596,820.0453707452037,Granite Basement,Sliding (Directional),False,Nominal,Continue drilling. Optimize WOB for maximum ROP.,12.651065916331309,System operating in nominal envelope
9579.0,9579.0,41.26045394214815,0.0,19.36758451903872,5390.857803390284,1021.7595618939073,Granite Basement,Sliding (Directional),False,Nominal,Continue drilling. Optimize WOB for maximum ROP.,9.327670817081938,System operating in nominal envelope
9590.5,9590.5,37.53618289793915,0.0,9.196776218284207,5438.255944196352,944.4125856398825,Granite Basement,Sliding (Directional),False,Nominal,Continue drilling. Optimize WOB for maximum ROP.,9.841844983225968,System operating in nominal envelope
9602.0,9602.0,35.284213427436356,0.1042559810027629,10.87304471119645,5451.201963534412,1025.208970895023,Granite Basement,Sliding (Directional),False,Nominal,Continue drilling. Optimize WOB for maximum ROP.,11.481021272610715,System operating in nominal envelope
9613.5,9613.5,37.310287983884464,0.0,8.5978723728,5448.541916597134,1214.3286561720352,Granite Basement,Sliding (Directional),False,Nominal,Continue drilling. Optimize WOB for maximum ROP.,5.18358383999224,System operating in nominal envelope
9625.0,9625.0,35.77347484139253,0.06582135574202591,12.311810935986994,5476.321065860687,932.7663075549776,Granite Basement,Sliding (Directional),False,Nominal,Continue drilling. Optimize WOB for maximum ROP.,11.539942214202483,System operating in nominal envelope
9636.5,9636.5,30.518092058818883,0.020687625861621275,15.494174848877362,5496.971901003593,1041.6037692947014,Granite Basement,Sliding (Directional),False,Nominal,Continue drilling. Optimize WOB for maximum ROP.,11.185851490721154,System operating in nominal envelope
9648.0,9648.0,39.223912780914546,0.0,16.672367234780836,5426.514640693497,1123.4919873516558,Granite Basement,Sliding (Directional),False,Nominal,Continue drilling. Optimize WOB for maximum ROP.,8.0984711675328,System operating in nominal envelope
9659.5,9659.5,38.0669303573479,0.0,12.973626022505318,5480.347698298369,1099.7054117999664,Granite Basement,Sliding (Directional),False,Nominal,Continue drilling. Optimize WOB for maximum ROP.,5.857942848994895,System operating in nominal envelope
9671.0,9671.0,41.80693444399136,0.0,7.187424372831568,5429.1299126872245,886.0445323779569,Granite Basement,Sliding (Directional),False,Nominal,Continue drilling. Optimize WOB for maximum ROP.,5.909354499130411,System operating in nominal envelope
9682.5,9682.5,39.79186104558918,0.0,15.19116895924326,5418.888904218356,688.66179863822,Granite Basement,Sliding (Directional),False,Nominal,Continue drilling. Optimize WOB for maximum ROP.,14.232237469852286,System operating in nominal envelope
9694.0,9694.0,37.42878225096688,0.0,17.80575685184623,5424.455557633236,824.164936984504,Granite Basement,Sliding (Directional),False,Nominal,Continue drilling. Optimize WOB for maximum ROP.,11.892793212258372,System operating in nominal envelope
9705.5,9705.5,35.90790265950775,0.06327166430722896,21.790570677251303,5429.308782846895,1027.1594114156624,Granite Basement,Sliding (Directional),False,Nominal,Continue drilling. Optimize WOB for maximum ROP.,6.271026137707404,System operating in nominal envelope
9717.0,9717.0,40.227430041492575,0.0,15.63743087729996,5458.789974258898,963.900223820468,Granite Basement,Sliding (Directional),False,Nominal,Continue drilling. Optimize WOB for maximum ROP.,8.567231693089063,System operating in nominal envelope
9728.5,9728.5,36.76267800183569,0.0,10.774575571797605,5458.582333826854,850.9961950627073,Granite Basement,Sliding (Directional),False,Nominal,Continue drilling. Optimize WOB for maximum ROP.,10.924829939015964,System operating in nominal envelope
9740.0,9740.0,32.7235382954414,0.0,11.359259301413552,5423.767932694488,1023.9193760206193,Granite Basement,Sliding (Directional),False,Nominal,Continue drilling. Optimize WOB for maximum ROP.,13.355717050906486,System operating in nominal envelope
9751.5,9751.5,39.95173496407816,0.0069427497505123725,19.451293566560622,5405.907394664048,1098.2463376332535,Granite Basement,Sliding (Directional),False,Nominal,Continue drilling. Optimize WOB for maximum ROP.,5.436609287130086,System operating in nominal envelope
9763.0,9763.0,34.22332183562756,0.08403830857899833,9.593632566963915,5434.62754406477,1014.6505565122503,Granite Basement,Sliding (Directional),False,Nominal,Continue drilling. Optimize WOB for maximum ROP.,7.366331314700089,System operating in nominal envelope
9774.5,9774.5,31.186195480368607,0.0,9.975854848442843,5453.8667763431295,940.3480459578094,Granite Basement,Sliding (Directional),False,Nominal,Continue drilling. Optimize WOB for maximum ROP.,13.8974899029538,System operating in nominal envelope
9786.0,9786.0,36.48038356390168,0.0538589505161468,12.416952797842395,5456.757674246936,1027.375154589882,Granite Basement,Sliding (Directional),False,Nominal,Continue drilling. Optimize WOB for maximum ROP.,5.091655501838165,System operating in nominal envelope
9797.5,9797.5,42.45252807592141,0.0,17.884313440557253,5470.989007427168,1177.2836639439943,Granite Basement,Sliding (Directional),False,Nominal,Continue drilling. Optimize WOB for maximum ROP.,7.013991027938874,System operating in nominal envelope
9809.0,9809.0,37.23040793715364,0.0,10.991909763196695,5485.622191276157,786.553761210749,Granite Basement,Sliding (Directional),False,Nominal,Continue drilling. Optimize WOB for maximum ROP.,14.59024175972966,System operating in nominal envelope
9820.5,9820.5,36.48928049113146,0.24753075150239964,14.12603839942171,5470.1341909010225,854.7931362234632,Granite Basement,Sliding (Directional),False,Nominal,Continue drilling. Optimize WOB for maximum ROP.,11.134018465221711,System operating in nominal envelope
9832.0,9832.0,35.66557205243408,0.0,23.241709064738274,5486.03223896392,794.2385306104742,Granite Basement,Sliding (Directional),False,Nominal,Continue drilling. Optimize WOB for maximum ROP.,7.616713666375064,System operating in nominal envelope
9843.5,9843.5,41.14727282270157,0.2181723341207396,8.79252888100762,5450.906512199368,977.5088921381335,Granite Basement,Sliding (Directional),False,Nominal,Continue drilling. Optimize WOB for maximum ROP.,5.669910943958476,System operating in nominal envelope
9855.0,9855.0,36.006282853146146,63.23413711910788,21.22215487891198,4620.801576544534,30290.984756051723,Granite Basement,Rotating (Rotary),False,Nominal,Continue drilling. Optimize WOB for maximum ROP.,5.281913404472221,System operating in nominal envelope
9866.5,9866.5,37.42506296311642,58.510526994518784,22.515033331054617,4604.10373104396,30709.40255773707,Granite Basement,Rotating (Rotary),False,Nominal,Continue drilling. Optimize WOB for maximum ROP.,7.447450796369273,System operating in nominal envelope
9878.0,9878.0,36.28259238673486,60.02665373570081,21.17388009468214,4590.0638753629855,31264.55434020372,Granite Basement,Rotating (Rotary),False,Nominal,Continue drilling. Optimize WOB for maximum ROP.,13.814858195889105,System operating in nominal envelope
9889.5,9889.5,35.2318458376147,62.798811676957385,31.57049843332458,4632.500431712307,31652.756858260327,Granite Basement,Rotating (Rotary),False,Nominal,Continue drilling. Optimize WOB for maximum ROP.,9.159136542975094,System operating in nominal envelope
9901.0,9901.0,32.71715668441684,62.394403598234426,18.380777303311323,4564.6457920257235,29887.197979135162,Granite Basement,Rotating (Rotary),False,Nominal,Continue drilling. Optimize WOB for maximum ROP.,12.20333369165993,System operating in nominal envelope
9912.5,9912.5,42.52921747077158,64.37503957167411,22.508267049451682,4599.07511805136,29826.290988600194,Granite Basement,Rotating (Rotary),False,Nominal,Continue drilling. Optimize WOB for maximum ROP.,14.182850353799578,System operating in nominal envelope
9924.0,9924.0,39.14646003382659,62.43884057394649,23.513008992469754,4547.825160412982,30527.7729099623,Granite Basement,Rotating (Rotary),False,Nominal,Continue drilling. Optimize WOB for maximum ROP.,9.080404616028165,System operating in nominal envelope
9935.5,9935.5,40.03790545616532,56.50968044725013,30.45705111272322,4590.786900613004,31656.209256707814,Granite Basement,Rotating (Rotary),False,Nominal,Continue drilling. Optimize WOB for maximum ROP.,6.912773710373971,System operating in nominal envelope
9947.0,9947.0,40.63285882010226,63.456428297022015,21.012799046333352,4575.761487332452,29416.461666261348,Granite Basement,Rotating (Rotary),False,Nominal,Continue drilling. Optimize WOB for maximum ROP.,10.171179308569194,System operating in nominal envelope
9958.5,9958.5,41.80620093579253,65.48363631881108,26.88526132773334,4614.443727557445,31968.840178499493,Granite Basement,Rotating (Rotary),False,Nominal,Continue drilling. Optimize WOB for maximum ROP.,14.080836870598544,System operating in nominal envelope
9970.0,9970.0,35.88674876230903,61.67484926611595,36.272318809394875,4639.326738145659,30470.72665767527,Granite Basement,Rotating (Rotary),False,Nominal,Continue drilling. Optimize WOB for maximum ROP.,13.043744141377006,System operating in nominal envelope
9981.5,9981.5,36.776293012930175,65.3135802727377,18.400546966798075,4563.349624762562,32139.807387671797,Granite Basement,Rotating (Rotary),False,Nominal,Continue drilling. Optimize WOB for maximum ROP.,5.658298433631538,System operating in nominal envelope
9993.0,9993.0,32.621984670688086,62.546335106027364,12.60747870051615,4624.6767947149,30577.323949055903,Granite Basement,Rotating (Rotary),False,Nominal,Continue drilling. Optimize WOB for maximum ROP.,11.925728000775818,System operating in nominal envelope
10004.5,10004.5,37.65098989552717,61.78141167805705,23.548444622329043,4614.067990688862,32536.95727193002,Granite Basement,Rotating (Rotary),False,Nominal,Continue drilling. Optimize WOB for maximum ROP.,10.718975224589538,System operating in nominal envelope
10016.0,10016.0,45.0509125962182,62.56058686133823,22.003787645597125,4592.619337349827,29740.16844385971,Granite Basement,Rotating (Rotary),False,Nominal,Continue drilling. Optimize WOB for maximum ROP.,14.074631763464255,System operating in nominal envelope
10027.5,10027.5,36.72172960743768,64.40076199070367,25.309133336723885,4613.762090601671,30212.128919177183,Granite Basement,Rotating (Rotary),False,Nominal,Continue drilling. Optimize WOB for maximum ROP.,6.224814168502972,System operating in nominal envelope
10039.0,10039.0,40.5518184525704,65.82007839846958,24.456653559075242,4625.307599185351,32330.844546508135,Granite Basement,Rotating (Rotary),False,Nominal,Continue drilling. Optimize WOB for maximum ROP.,10.340361132046567,System operating in nominal envelope
10050.5,10050.5,39.47558562060911,65.1237622517654,18.12847750945257,4570.7205650630085,31118.412254679086,Granite Basement,Rotating (Rotary),False,Nominal,Continue drilling. Optimize WOB for maximum ROP.,13.794626935118924,System operating in nominal envelope
10062.0,10062.0,39.44078185115927,65.07555543912697,20.867122337814028,4590.035642831973,28889.787630723375,Granite Basement,Rotating (Rotary),False,Nominal,Continue drilling. Optimize WOB for maximum ROP.,9.10023786741743,System operating in nominal envelope
10073.5,10073.5,41.47120018166615,63.3440747573747,14.279366404729624,4616.584656195265,31194.24731435307,Granite Basement,Rotating (Rotary),False,Nominal,Continue drilling. Optimize WOB for maximum ROP.,9.81994917732867,System operating in nominal envelope
10085.0,10085.0,39.95811842217297,59.91429547491344,19.587072900589973,4661.402418334512,32122.993871523133,Granite Basement,Rotating (Rotary),False,Nominal,Continue drilling. Optimize WOB for maximum ROP.,5.704606776669583,System operating in nominal envelope
10096.5,10096.5,35.676736059923215,61.76763948346603,25.416762890054752,4601.732451949457,32719.582482878708,Granite Basement,Rotating (Rotary),False,Nominal,Continue drilling. Optimize WOB for maximum ROP.,7.781436404489108,System operating in nominal envelope
10108.0,10108.0,35.21979939214759,66.72610171288946,19.37747854341983,4609.872708288006,32339.572926158035,Granite Basement,Rotating (Rotary),False,Nominal,Continue drilling. Optimize WOB for maximum ROP.,8.245066491689474,System operating in nominal envelope
10119.5,10119.5,39.379839385429186,62.77777497785799,33.808897903011356,4562.318767697597,33700.680420623015,Granite Basement,Rotating (Rotary),False,Nominal,Continue drilling. Optimize WOB for maximum ROP.,14.451224487448869,System operating in nominal envelope
10131.0,10131.0,36.490657798645245,59.24432564886036,26.703084009080545,4619.169040345088,31594.67388776052,Granite Basement,Rotating (Rotary),False,Nominal,Continue drilling. Optimize WOB for maximum ROP.,7.826673605411591,System operating in nominal envelope
10142.5,10142.5,38.72799410553754,63.26560247326481,16.02261820828445,4647.582642484795,32120.368700000483,Granite Basement,Rotating (Rotary),False,Nominal,Continue drilling. Optimize WOB for maximum ROP.,9.60868735269652,System operating in nominal envelope
10154.0,10154.0,43.17773884030732,66.10153640872072,25.84590329994209,4691.121418362802,30273.14451570236,Granite Basement,Rotating (Rotary),False,Nominal,Continue drilling. Optimize WOB for maximum ROP.,11.713044235642798,System operating in nominal envelope
10165.5,10165.5,30.088024927881847,63.38287289094802,18.11292622785878,4599.53499254583,33600.40280794885,Granite Basement,Rotating (Rotary),False,Nominal,Continue drilling. Optimize WOB for maximum ROP.,6.621833724078774,System operating in nominal envelope
10177.0,10177.0,31.581104455724407,60.8218406482437,8.305368848451963,4564.772805719572,32320.20060432198,Granite Basement,Rotating (Rotary),False,Nominal,Continue drilling. Optimize WOB for maximum ROP.,9.864423871418744,System operating in nominal envelope
10188.5,10188.5,38.108138808496,56.80547045035951,26.740923974912043,4607.072554886584,33294.56894613855,Granite Basement,Rotating (Rotary),False,Nominal,Continue drilling. Optimize WOB for maximum ROP.,12.385390394759076,System operating in nominal envelope
10200.0,10200.0,34.71872430113325,61.92199127765229,13.611876439065718,4616.450421801112,32016.112337660998,Granite Basement,Rotating (Rotary),False,Nominal,Continue drilling. Optimize WOB for maximum ROP.,13.66855213027066,System operating in nominal envelope
10211.5,10211.5,40.251755640619855,55.23902092099306,28.813283878141412,4601.172886190905,30966.804964042913,Granite Basement,Rotating (Rotary),False,Nominal,Continue drilling. Optimize WOB for maximum ROP.,11.262592746624268,System operating in nominal envelope
10223.0,10223.0,38.085997240172105,58.48609236535928,23.39908820182937,4593.215171854575,31716.95857042577,Granite Basement,Rotating (Rotary),False,Nominal,Continue drilling. Optimize WOB for maximum ROP.,11.69053515316948,System operating in nominal envelope
10234.5,10234.5,35.799328383384164,60.79791552622005,23.330506545379045,4636.164199928982,30934.67971042682,Granite Basement,Rotating (Rotary),False,Nominal,Continue drilling. Optimize WOB for maximum ROP.,6.262834725845689,System operating in nominal envelope
10246.0,10246.0,46.24575903470606,58.440793407790196,18.842312734164814,4573.383931710634,32355.679913960077,Granite Basement,Rotating (Rotary),False,Nominal,Continue drilling. Optimize WOB for maximum ROP.,14.457764972463472,System operating in nominal envelope
10257.5,10257.5,36.790697394578046,60.04710905467221,30.096176285497705,4614.104996480813,33245.60361840921,Granite Basement,Rotating (Rotary),False,Nominal,Continue drilling. Optimize WOB for maximum ROP.,6.3257407748448236,System operating in nominal envelope
10269.0,10269.0,41.27644934517051,58.459432360518385,17.848705759771068,4592.7411565861785,28399.726103841913,Granite Basement,Rotating (Rotary),False,Nominal,Continue drilling. Optimize WOB for maximum ROP.,12.746729371817983,System operating in nominal envelope
10280.5,10280.5,41.6354721082655,63.292366289370925,18.764469876426915,4616.902168426197,31475.648090179886,Granite Basement,Rotating (Rotary),False,Nominal,Continue drilling. Optimize WOB for maximum ROP.,7.648163217783188,System operating in nominal envelope
10292.0,10292.0,38.77808375312678,63.914695698701536,31.086505019255473,4582.962830314737,31827.215275118386,Granite Basement,Rotating (Rotary),False,Nominal,Continue drilling. Optimize WOB for maximum ROP.,14.335931437012515,System operating in nominal envelope
10303.5,10303.5,36.422618901939195,63.75175153030146,26.98913358004046,4694.646361111813,31386.057670058315,Granite Basement,Rotating (Rotary),False,Nominal,Continue drilling. Optimize WOB for maximum ROP.,12.199595393694796,System operating in nominal envelope
10315.0,10315.0,35.195383082086714,62.453127906505124,16.25031557021269,4636.7067906245575,31712.767835574992,Granite Basement,Rotating (Rotary),False,Nominal,Continue drilling. Optimize WOB for maximum ROP.,12.538137129783689,System operating in nominal envelope
10326.5,10326.5,38.784174731036714,65.6554898467941,22.19870902790403,4637.335894112863,32550.49001046645,Granite Basement,Rotating (Rotary),False,Nominal,Continue drilling. Optimize WOB for maximum ROP.,7.190591730598833,System operating in nominal envelope
10338.0,10338.0,40.8496209098101,62.698169595541316,16.46310535785364,4603.267231757819,31847.82493724037,Granite Basement,Rotating (Rotary),False,Nominal,Continue drilling. Optimize WOB for maximum ROP.,9.43039976635161,System operating in nominal envelope
10349.5,10349.5,35.59505495543779,62.473320768230934,32.01029186098986,4635.391106834503,30201.358148135776,Granite Basement,Rotating (Rotary),False,Nominal,Continue drilling. Optimize WOB for maximum ROP.,11.178131945892865,System operating in nominal envelope
10361.0,10361.0,40.1736238575418,60.23817891097279,20.61082777465518,4590.44038008877,31341.764199643076,Granite Basement,Rotating (Rotary),False,Nominal,Continue drilling. Optimize WOB for maximum ROP.,12.699736182066008,System operating in nominal envelope
10372.5,10372.5,38.42993373680149,61.09220834711108,21.677294755880823,4579.613578481375,31075.925143375134,Granite Basement,Rotating (Rotary),False,Nominal,Continue drilling. Optimize WOB for maximum ROP.,6.039593759123896,System operating in nominal envelope
10384.0,10384.0,40.40791189414142,60.254500813472376,33.96487298329995,4672.686866834314,29412.488518688282,Granite Basement,Rotating (Rotary),False,Nominal,Continue drilling. Optimize WOB for maximum ROP.,14.623653164545283,System operating in nominal envelope
10395.5,10395.5,37.147587910663205,64.14896218085889,21.056049069398632,4633.635037101469,32744.394645339813,Granite Basement,Rotating (Rotary),False,Nominal,Continue drilling. Optimize WOB for maximum ROP.,13.90220670554556,System operating in nominal envelope
10407.0,10407.0,33.82524238432431,65.55126071817766,33.38411454674044,4629.7229838529465,31741.941853197637,Granite Basement,Rotating (Rotary),False,Nominal,Continue drilling. Optimize WOB for maximum ROP.,7.703485904955843,System operating in nominal envelope
10418.5,10418.5,34.078570080041146,63.48872724409814,24.549320136920596,4618.732631088427,31355.671063636346,Granite Basement,Rotating (Rotary),False,Nominal,Continue drilling. Optimize WOB for maximum ROP.,13.22760243032332,System operating in nominal envelope
10430.0,10430.0,32.299156926501645,60.05290739294891,23.523939212313014,4668.176822310328,32467.720777934595,Granite Basement,Rotating (Rotary),False,Nominal,Continue drilling. Optimize WOB for maximum ROP.,10.183239230398234,System operating in nominal envelope
10441.5,10441.5,38.92386914234899,61.264393735908854,25.761999900224843,4669.234584645699,31281.214985048773,Granite Basement,Rotating (Rotary),False,Nominal,Continue drilling. Optimize WOB for maximum ROP.,9.618064815620187,System operating in nominal envelope
10453.0,10453.0,42.354914547739845,60.056571287885234,36.38528019645727,4675.209729612422,29828.73614056023,Granite Basement,Rotating (Rotary),False,Nominal,Continue drilling. Optimize WOB for maximum ROP.,8.144341058114055,System operating in nominal envelope
10464.5,10464.5,36.5838327809825,61.3932531304368,16.09747036419568,4589.909745720426,31003.36416862356,Granite Basement,Rotating (Rotary),False,Nominal,Continue drilling. Optimize WOB for maximum ROP.,10.809685866315924,System operating in nominal envelope
10476.0,10476.0,35.6909438875808,61.6567225855278,26.338342565848464,4662.024790361823,31726.702859729485,Granite Basement,Rotating (Rotary),False,Nominal,Continue drilling. Optimize WOB for maximum ROP.,12.298891177035978,System operating in nominal envelope
10487.5,10487.5,33.83702632238686,59.79811477599318,36.58718271563545,4667.301458792116,30697.160470038536,Granite Basement,Rotating (Rotary),False,Nominal,Continue drilling. Optimize WOB for maximum ROP.,20.0,PROACTIVE ML WARNING: Mud Pressure Dropping (20% risk). Leak suspected.
10499.0,10499.0,37.07636744425271,62.00571984035876,23.157824541878934,4633.345795672415,32888.90652475701,Granite Basement,Rotating (Rotary),False,Nominal,Continue drilling. Optimize WOB for maximum ROP.,25.0,PROACTIVE ML WARNING: Mud Pressure Dropping (25% risk). Leak suspected.
10510.5,10510.5,36.524676396618155,61.86019887869447,24.03214692835555,4599.288938205803,32473.303626061774,Granite Basement,Rotating (Rotary),False,Nominal,Continue drilling. Optimize WOB for maximum ROP.,30.0,PROACTIVE ML WARNING: Mud Pressure Dropping (30% risk). Leak suspected.
10522.0,10522.0,40.35176793248798,66.09589933067736,12.456277729315484,4584.626073639953,31840.32491875722,Granite Basement,Rotating (Rotary),False,Nominal,Continue drilling. Optimize WOB for maximum ROP.,35.0,PROACTIVE ML WARNING: Mud Pressure Dropping (35% risk). Leak suspected.
10533.5,10533.5,28.003225480049558,62.97093932307542,25.85082955181622,4556.976060884645,30937.8573189931,Granite Basement,Rotating (Rotary),False,Nominal,Continue drilling. Optimize WOB for maximum ROP.,41.0,PROACTIVE ML WARNING: Mud Pressure Dropping (41% risk). Leak suspected.
10545.0,10545.0,37.77046582905175,64.81945062658474,31.525263416090596,4545.752771706475,30684.359772703378,Granite Basement,Rotating (Rotary),False,Nominal,Continue drilling. Optimize WOB for maximum ROP.,46.0,PROACTIVE ML WARNING: Mud Pressure Dropping (46% risk). Leak suspected.
10556.5,10556.5,37.17490191520443,63.31634170918077,24.63967854941129,4515.918065678514,30790.3890410368,Granite Basement,Rotating (Rotary),False,Nominal,Continue drilling. Optimize WOB for maximum ROP.,51.0,PROACTIVE ML WARNING: Mud Pressure Dropping (51% risk). Leak suspected.
10568.0,10568.0,38.048748845466,63.19956758841708,20.710918484728246,4505.390522833924,29494.695116122726,Granite Basement,Rotating (Rotary),False,Nominal,Continue drilling. Optimize WOB for maximum ROP.,56.0,PROACTIVE ML WARNING: Mud Pressure Dropping (56% risk). Leak suspected.
10579.5,10579.5,41.0165101751465,61.25655980189224,18.589003472832186,4490.200414937136,32577.123144449284,Granite Basement,Rotating (Rotary),False,Nominal,Continue drilling. Optimize WOB for maximum ROP.,61.0,PROACTIVE ML WARNING: Mud Pressure Dropping (61% risk). Leak suspected.
10591.0,10591.0,32.13734777067698,61.59842220118627,22.66712373516995,4468.508984552114,30444.859018829447,Granite Basement,Rotating (Rotary),False,Nominal,Continue drilling. Optimize WOB for maximum ROP.,67.0,PROACTIVE ML WARNING: Mud Pressure Dropping (67% risk). Leak suspected.
10602.5,10602.5,39.867721459537776,61.97677859608046,21.394120652162513,4472.541193483823,33480.24120677884,Granite Basement,Rotating (Rotary),False,Nominal,Continue drilling. Optimize WOB for maximum ROP.,72.0,PROACTIVE ML WARNING: Mud Pressure Dropping (72% risk). Leak suspected.
10614.0,10614.0,39.05772481164974,60.72696659350216,20.361434856435167,4427.961007002826,30861.280842467797,Granite Basement,Rotating (Rotary),False,Nominal,Continue drilling. Optimize WOB for maximum ROP.,77.0,PROACTIVE ML WARNING: Mud Pressure Dropping (77% risk). Leak suspected.
10625.5,10625.5,39.366008030679076,67.8726894667519,23.520265100354514,4415.472247426437,31045.045166267915,Granite Basement,Rotating (Rotary),False,Nominal,Continue drilling. Optimize WOB for maximum ROP.,82.0,PROACTIVE ML WARNING: Mud Pressure Dropping (82% risk). Leak suspected.
10637.0,10637.0,39.50403562509704,62.65887702988696,5.859332986512886,4449.72906151537,28850.379858975553,Granite Basement,Rotating (Rotary),False,Nominal,Continue drilling. Optimize WOB for maximum ROP.,87.0,PROACTIVE ML WARNING: Mud Pressure Dropping (87% risk). Leak suspected.
10648.5,10648.5,36.11566294636143,64.74325046885927,28.340963487265988,4362.73879920986,28215.66548505442,Granite Basement,Rotating (Rotary),False,Nominal,Continue drilling. Optimize WOB for maximum ROP.,93.0,PROACTIVE ML WARNING: Mud Pressure Dropping (93% risk). Leak suspected.
10660.0,10660.0,38.925897450070316,59.27447898300142,24.840068412801944,3955.5248874228823,30441.039858158936,Granite Basement,Rotating (Rotary),True,Drill String Washout Detected,Stop drilling immediately. Circulate bottoms up and pull out of hole for pipe inspection.,14.916861403927356,System operating in nominal envelope
10671.5,10671.5,35.62000195050457,63.2351597974388,15.441989897076018,4582.354333427391,30564.317763280444,Granite Basement,Rotating (Rotary),False,Nominal,Continue drilling. Optimize WOB for maximum ROP.,12.704378027923369,System operating in nominal envelope
10683.0,10683.0,37.02590542218453,60.65488060377466,24.345735220113717,4674.586094497395,29469.60424534722,Granite Basement,Rotating (Rotary),False,Nominal,Continue drilling. Optimize WOB for maximum ROP.,7.10528488440613,System operating in nominal envelope
10694.5,10694.5,40.12167840820448,66.64161859140489,10.290642776526026,4643.515850722663,31854.308795952948,Granite Basement,Rotating (Rotary),False,Nominal,Continue drilling. Optimize WOB for maximum ROP.,10.014414736979107,System operating in nominal envelope
10706.0,10706.0,28.91056642361051,64.11193593945426,13.562138043829906,4656.340992658797,32786.93585725988,Granite Basement,Rotating (Rotary),False,Nominal,Continue drilling. Optimize WOB for maximum ROP.,7.336247636485665,System operating in nominal envelope
10717.5,10717.5,39.97562813020926,66.8704153597706,23.76502621426506,4667.892640208931,31455.10113455311,Granite Basement,Rotating (Rotary),False,Nominal,Continue drilling. Optimize WOB for maximum ROP.,27.0,PROACTIVE ML WARNING: Impending Stick-Slip (27% risk). Adjust RPM immediately.
10729.0,10729.0,32.030650462921535,62.45079544737539,11.520939270058472,4643.048559004873,31909.473461638623,Granite Basement,Rotating (Rotary),False,Nominal,Continue drilling. Optimize WOB for maximum ROP.,34.0,PROACTIVE ML WARNING: Impending Stick-Slip (34% risk). Adjust RPM immediately.
10740.5,10740.5,33.51805327487043,64.36909947727362,22.505446991155267,4650.557442776054,34097.74298492052,Granite Basement,Rotating (Rotary),False,Nominal,Continue drilling. Optimize WOB for maximum ROP.,41.0,PROACTIVE ML WARNING: Impending Stick-Slip (41% risk). Adjust RPM immediately.
10752.0,10752.0,31.00078846276014,69.87657158465252,22.991602593304624,4645.412692056109,32736.476079846012,Granite Basement,Rotating (Rotary),False,Nominal,Continue drilling. Optimize WOB for maximum ROP.,48.0,PROACTIVE ML WARNING: Impending Stick-Slip (48% risk). Adjust RPM immediately.
10763.5,10763.5,32.13615073381709,65.44029541066733,22.06286507715848,4715.98557855382,30437.46749629652,Granite Basement,Rotating (Rotary),False,Nominal,Continue drilling. Optimize WOB for maximum ROP.,56.0,PROACTIVE ML WARNING: Impending Stick-Slip (56% risk). Adjust RPM immediately.
10775.0,10775.0,42.08630492743621,54.57139326194319,23.977244996000948,4667.23835575657,29325.904284162312,Granite Basement,Rotating (Rotary),False,Nominal,Continue drilling. Optimize WOB for maximum ROP.,63.0,PROACTIVE ML WARNING: Impending Stick-Slip (63% risk). Adjust RPM immediately.
10786.5,10786.5,41.93468498238439,54.35541649678882,15.152951712307091,4698.532395531174,33478.99094472,Granite Basement,Rotating (Rotary),False,Nominal,Continue drilling. Optimize WOB for maximum ROP.,70.0,PROACTIVE ML WARNING: Impending Stick-Slip (70% risk). Adjust RPM immediately.
10798.0,10798.0,41.79100189229693,70.99198372114196,21.14532130917273,4682.827872187153,32826.9524463771,Granite Basement,Rotating (Rotary),False,Nominal,Continue drilling. Optimize WOB for maximum ROP.,77.0,PROACTIVE ML WARNING: Impending Stick-Slip (77% risk). Adjust RPM immediately.
10809.5,10809.5,39.87552877647031,71.4139172008677,28.363515884410198,4614.8717054887065,27864.33371118277,Granite Basement,Rotating (Rotary),False,Nominal,Continue drilling. Optimize WOB for maximum ROP.,84.0,PROACTIVE ML WARNING: Impending Stick-Slip (84% risk). Adjust RPM immediately.
10821.0,10821.0,37.49788096217412,49.91995132707883,5.634330336289198,4631.7156496185635,27884.950491479936,Granite Basement,Rotating (Rotary),False,Nominal,Continue drilling. Optimize WOB for maximum ROP.,92.0,PROACTIVE ML WARNING: Impending Stick-Slip (92% risk). Adjust RPM immediately.
10832.5,10832.5,37.61513326893417,17.5473154661926,5.0,4642.435302725367,49100.25752176736,Granite Basement,Rotating (Rotary),True,Severe Stick-Slip Vibration,Decrease WOB by 5 klbs and increase RPM by 15 to break torsional resonance.,9.864050355361782,System operating in nominal envelope
10844.0,10844.0,45.95415214239779,58.22029145109197,18.078895180737074,4696.504526082514,32562.626904628458,Granite Basement,Rotating (Rotary),False,Nominal,Continue drilling. Optimize WOB for maximum ROP.,10.049328040894,System operating in nominal envelope
10855.5,10855.5,38.77229662742692,60.85591687665596,28.60260736799798,4673.082214510469,33147.97106663777,Granite Basement,Rotating (Rotary),False,Nominal,Continue drilling. Optimize WOB for maximum ROP.,6.764119104278862,System operating in nominal envelope
10867.0,10867.0,39.93271181828708,60.924226700113394,33.170221976965756,4632.258583376892,31272.352714089873,Granite Basement,Rotating (Rotary),False,Nominal,Continue drilling. Optimize WOB for maximum ROP.,13.127329043046794,System operating in nominal envelope
10878.5,10878.5,32.19676214495934,59.36227657955826,17.976821801924384,4673.436693405852,30424.756974946788,Granite Basement,Rotating (Rotary),False,Nominal,Continue drilling. Optimize WOB for maximum ROP.,10.417603199410154,System operating in nominal envelope
10890.0,10890.0,36.390325389432924,58.58595648952463,14.063989655044672,4646.846953844591,32268.14328513174,Granite Basement,Rotating (Rotary),False,Nominal,Continue drilling. Optimize WOB for maximum ROP.,6.3107986170470305,System operating in nominal envelope
10901.5,10901.5,31.928085888919618,60.424937551165264,20.4691838063213,4690.418887562746,31284.961385667397,Granite Basement,Rotating (Rotary),False,Nominal,Continue drilling. Optimize WOB for maximum ROP.,12.661571015827779,System operating in nominal envelope
10913.0,10913.0,38.16856343055931,57.63573141785087,20.88925559687252,4685.407641344375,31918.71105429278,Granite Basement,Rotating (Rotary),False,Nominal,Continue drilling. Optimize WOB for maximum ROP.,14.324439783773508,System operating in nominal envelope
10924.5,10924.5,41.82251314482638,59.1812597526174,21.44220031692588,4702.15772483134,31668.707082830013,Granite Basement,Rotating (Rotary),False,Nominal,Continue drilling. Optimize WOB for maximum ROP.,14.47306899236962,System operating in nominal envelope
10936.0,10936.0,37.924480185600416,61.731838085472646,18.204853782485852,4705.387072410443,30324.26639280165,Granite Basement,Rotating (Rotary),False,Nominal,Continue drilling. Optimize WOB for maximum ROP.,8.690177324111728,System operating in nominal envelope
10947.5,10947.5,41.937950989875425,60.51116266204035,20.946357795243586,4698.31332693329,33355.78409344551,Granite Basement,Rotating (Rotary),False,Nominal,Continue drilling. Optimize WOB for maximum ROP.,6.35516873560754,System operating in nominal envelope
10959.0,10959.0,40.58917684098616,59.115769296650356,27.595090944417635,4695.588332451695,31717.77099269755,Granite Basement,Rotating (Rotary),False,Nominal,Continue drilling. Optimize WOB for maximum ROP.,10.183996266330652,System operating in nominal envelope
10970.5,10970.5,35.5468261262655,57.847291461082065,21.588136258956734,4690.221301618738,29246.763757492437,Granite Basement,Rotating (Rotary),False,Nominal,Continue drilling. Optimize WOB for maximum ROP.,6.126092293492206,System operating in nominal envelope
10982.0,10982.0,41.576491092395884,62.47974433968259,19.03037224872562,4727.268566119746,32619.419194619295,Granite Basement,Rotating (Rotary),False,Nominal,Continue drilling. Optimize WOB for maximum ROP.,14.339874185126172,System operating in nominal envelope
10993.5,10993.5,38.10379084343547,61.88157324363891,19.738217106953062,4639.925580916346,30473.084383199086,Granite Basement,Rotating (Rotary),False,Nominal,Continue drilling. Optimize WOB for maximum ROP.,6.83579627355146,System operating in nominal envelope
11005.0,11005.0,30.26236208914744,62.118733670629105,27.072017776107725,4674.1732038836735,29673.19985976776,Granite Basement,Rotating (Rotary),False,Nominal,Continue drilling. Optimize WOB for maximum ROP.,7.527658599511641,System operating in nominal envelope
11016.5,11016.5,40.720316429825644,62.56758619716222,29.169674739622852,4673.218295619776,32145.854829713026,Granite Basement,Rotating (Rotary),False,Nominal,Continue drilling. Optimize WOB for maximum ROP.,9.066365268849705,System operating in nominal envelope
11028.0,11028.0,39.16813356493481,59.9384693739131,19.46561915455085,4689.155019137779,32805.46487070142,Granite Basement,Rotating (Rotary),False,Nominal,Continue drilling. Optimize WOB for maximum ROP.,8.831644685591257,System operating in nominal envelope
11039.5,11039.5,45.97216948870324,60.685922665036536,25.69685835299398,4683.970175333503,30765.645729161082,Granite Basement,Rotating (Rotary),False,Nominal,Continue drilling. Optimize WOB for maximum ROP.,12.94662892397889,System operating in nominal envelope
11051.0,11051.0,31.379557567985955,60.634895502958194,31.557800053867695,4656.776969991286,31647.789475898382,Granite Basement,Rotating (Rotary),False,Nominal,Continue drilling. Optimize WOB for maximum ROP.,9.563168205509623,System operating in nominal envelope
11062.5,11062.5,40.45482351103529,56.070851597852766,18.098606532253196,4736.051741323197,31822.44569515799,Granite Basement,Rotating (Rotary),False,Nominal,Continue drilling. Optimize WOB for maximum ROP.,6.707682600033369,System operating in nominal envelope
11074.0,11074.0,38.597086092165576,62.44047455625673,19.383210614085662,4669.248782076211,31716.125000737546,Granite Basement,Rotating (Rotary),False,Nominal,Continue drilling. Optimize WOB for maximum ROP.,7.672098954860741,System operating in nominal envelope
11085.5,11085.5,36.463424427777916,60.28430216061229,28.44827571752417,4651.0232177565085,31659.2534254752,Granite Basement,Rotating (Rotary),False,Nominal,Continue drilling. Optimize WOB for maximum ROP.,10.09113385187522,System operating in nominal envelope
11097.0,11097.0,39.956557665090216,64.04981313158808,30.381445369677035,4695.8685052503715,30918.26375594714,Granite Basement,Rotating (Rotary),False,Nominal,Continue drilling. Optimize WOB for maximum ROP.,6.4745391742613485,System operating in nominal envelope
11108.5,11108.5,32.841433348600646,59.7483215437188,31.165192707464577,4664.574998214419,32679.421216580125,Granite Basement,Rotating (Rotary),False,Nominal,Continue drilling. Optimize WOB for maximum ROP.,11.116556756460142,System operating in nominal envelope
11120.0,11120.0,39.85175990077098,64.67982466302949,23.048674344287953,4667.617930439701,31880.66587088819,Granite Basement,Rotating (Rotary),False,Nominal,Continue drilling. Optimize WOB for maximum ROP.,10.657473065511459,System operating in nominal envelope
11131.5,11131.5,41.21815199476267,61.71193941861951,30.65888567065337,4680.8964277897485,32090.6721022686,Granite Basement,Rotating (Rotary),False,Nominal,Continue drilling. Optimize WOB for maximum ROP.,12.147023163822578,System operating in nominal envelope
11143.0,11143.0,35.46028825958216,61.84731082161906,25.52349319874434,4664.978984158959,28772.11736889771,Granite Basement,Rotating (Rotary),False,Nominal,Continue drilling. Optimize WOB for maximum ROP.,14.377046153793676,System operating in nominal envelope
11154.5,11154.5,40.3138403537676,62.65516702271681,7.14055702361178,4643.6209570561405,31116.87242235649,Granite Basement,Rotating (Rotary),False,Nominal,Continue drilling. Optimize WOB for maximum ROP.,14.122545611011557,System operating in nominal envelope
11166.0,11166.0,43.204864209085905,59.284863544704784,17.15551332072593,4724.665090236497,32532.889650903086,Granite Basement,Rotating (Rotary),False,Nominal,Continue drilling. Optimize WOB for maximum ROP.,14.460756180688314,System operating in nominal envelope
11177.5,11177.5,33.69541718518257,62.875925540965845,20.33051030986742,4673.091899070423,31611.91322923676,Granite Basement,Rotating (Rotary),False,Nominal,Continue drilling. Optimize WOB for maximum ROP.,7.447155970237009,System operating in nominal envelope
11189.0,11189.0,31.231598025030593,56.423829952188854,19.796517391452596,4700.787106212365,30886.778941006956,Granite Basement,Rotating (Rotary),False,Nominal,Continue drilling. Optimize WOB for maximum ROP.,6.315653066393546,System operating in nominal envelope
11200.5,11200.5,40.644282588556386,64.9336056915811,27.801087051665515,4689.226381965955,31128.066212054433,Granite Basement,Rotating (Rotary),False,Nominal,Continue drilling. Optimize WOB for maximum ROP.,8.022767004964486,System operating in nominal envelope
11212.0,11212.0,32.84364483514162,62.557882636869245,9.280679460981267,4710.757149295554,32242.81138759205,Granite Basement,Rotating (Rotary),False,Nominal,Continue drilling. Optimize WOB for maximum ROP.,13.950851727663146,System operating in nominal envelope
11223.5,11223.5,35.106849974726025,59.80434186794133,35.37499909658946,4700.377173860231,32024.97308110664,Granite Basement,Rotating (Rotary),False,Nominal,Continue drilling. Optimize WOB for maximum ROP.,14.720534746234883,System operating in nominal envelope
11235.0,11235.0,36.11913117460132,60.756068754226966,33.6341514850286,4727.541800471969,31823.862016875093,Granite Basement,Rotating (Rotary),False,Nominal,Continue drilling. Optimize WOB for maximum ROP.,13.59324951070476,System operating in nominal envelope
11246.5,11246.5,39.09716641143738,59.10720845321682,29.031593944164396,4666.391791130555,29805.74862402765,Granite Basement,Rotating (Rotary),False,Nominal,Continue drilling. Optimize WOB for maximum ROP.,6.100177211275436,System operating in nominal envelope
11258.0,11258.0,42.51666792773063,66.62340535346596,19.591875871831995,4721.7176333080815,32769.819726668204,Granite Basement,Rotating (Rotary),False,Nominal,Continue drilling. Optimize WOB for maximum ROP.,14.474279980597931,System operating in nominal envelope
11269.5,11269.5,33.60561989637334,64.12519833104389,26.944023252810723,4712.002018805985,31617.329256780256,Granite Basement,Rotating (Rotary),False,Nominal,Continue drilling. Optimize WOB for maximum ROP.,9.23358027350786,System operating in nominal envelope
11281.0,11281.0,39.228104833341185,65.2095421496339,30.428101831478255,4734.854639620424,32094.28862475566,Granite Basement,Rotating (Rotary),False,Nominal,Continue drilling. Optimize WOB for maximum ROP.,5.093102907623537,System operating in nominal envelope
11292.5,11292.5,39.95343769921415,60.84707566991345,32.00957579744871,4722.314116872828,29977.211384805687,Granite Basement,Rotating (Rotary),False,Nominal,Continue drilling. Optimize WOB for maximum ROP.,9.423937407481937,System operating in nominal envelope
11304.0,11304.0,33.46081282888907,62.71450821698683,23.742168282947894,4683.191151039346,32104.300769517275,Granite Basement,Rotating (Rotary),False,Nominal,Continue drilling. Optimize WOB for maximum ROP.,5.460691696754676,System operating in nominal envelope
11315.5,11315.5,31.939927358979336,63.0517490775462,24.010075234381496,4690.791980579182,32462.2122191282,Granite Basement,Rotating (Rotary),False,Nominal,Continue drilling. Optimize WOB for maximum ROP.,10.438779211611175,System operating in nominal envelope
11327.0,11327.0,39.502599744474544,59.606077612461974,30.510938849843424,4691.426694214316,30999.166609377615,Granite Basement,Rotating (Rotary),False,Nominal,Continue drilling. Optimize WOB for maximum ROP.,8.385540274370513,System operating in nominal envelope
11338.5,11338.5,44.37403293366086,59.98707062064281,14.9241605516986,4734.001203616442,29130.712259843534,Granite Basement,Rotating (Rotary),False,Nominal,Continue drilling. Optimize WOB for maximum ROP.,9.734349335940488,System operating in nominal envelope
11350.0,11350.0,34.35664186649026,58.618728276398194,22.373085497268253,4668.41029025531,31950.994812054476,Granite Basement,Rotating (Rotary),False,Nominal,Continue drilling. Optimize WOB for maximum ROP.,11.13170360743117,System operating in nominal envelope
11361.5,11361.5,39.441740510899415,63.72618171530378,23.471554624558753,4715.560424829313,32218.277388356208,Granite Basement,Rotating (Rotary),False,Nominal,Continue drilling. Optimize WOB for maximum ROP.,13.688010958178204,System operating in nominal envelope
11373.0,11373.0,33.48942512443817,64.644535452052,22.647824143886574,4695.112196680472,30478.32884175143,Granite Basement,Rotating (Rotary),False,Nominal,Continue drilling. Optimize WOB for maximum ROP.,11.619015764719286,System operating in nominal envelope
11384.5,11384.5,34.53131850667325,60.95642404502642,17.176491495165216,4719.361348039087,31880.38917925677,Granite Basement,Rotating (Rotary),False,Nominal,Continue drilling. Optimize WOB for maximum ROP.,9.340488684781807,System operating in nominal envelope
11396.0,11396.0,36.14671958279477,64.68583251192561,32.96897412043561,4724.090002943349,33765.97102296861,Granite Basement,Rotating (Rotary),False,Nominal,Continue drilling. Optimize WOB for maximum ROP.,13.194278536703651,System operating in nominal envelope
11407.5,11407.5,42.348313660527765,58.5303286238605,19.812538293109302,4731.696508790836,31442.007372546974,Granite Basement,Rotating (Rotary),False,Nominal,Continue drilling. Optimize WOB for maximum ROP.,14.055821375731322,System operating in nominal envelope
11419.0,11419.0,38.63845829402361,64.36302883652871,29.642687743303917,4726.040789775106,30540.70660893447,Granite Basement,Rotating (Rotary),False,Nominal,Continue drilling. Optimize WOB for maximum ROP.,6.197599664321972,System operating in nominal envelope
11430.5,11430.5,35.57716734011134,62.541707797410716,29.823446610307872,4706.856248313072,31260.998053104697,Granite Basement,Rotating (Rotary),False,Nominal,Continue drilling. Optimize WOB for maximum ROP.,10.319329775527915,System operating in nominal envelope
11442.0,11442.0,34.04726386469959,66.86298768569233,26.81361036355723,4669.832848267637,30847.346889885695,Granite Basement,Rotating (Rotary),False,Nominal,Continue drilling. Optimize WOB for maximum ROP.,7.845119597424441,System operating in nominal envelope
11453.5,11453.5,40.22039383245418,61.748810698570736,22.243871971321628,4714.845232424961,31948.320693177757,Granite Basement,Rotating (Rotary),False,Nominal,Continue drilling. Optimize WOB for maximum ROP.,5.470611978769474,System operating in nominal envelope
11465.0,11465.0,43.29408878015264,64.098372785579,23.396647974516657,4739.02060877514,30444.956858079506,Granite Basement,Rotating (Rotary),False,Nominal,Continue drilling. Optimize WOB for maximum ROP.,11.685466951139853,System operating in nominal envelope
11476.5,11476.5,36.858229394861326,59.485996560776336,28.981069106861803,4727.124104598644,30912.89083250444,Granite Basement,Rotating (Rotary),False,Nominal,Continue drilling. Optimize WOB for maximum ROP.,13.627707774592256,System operating in nominal envelope
11488.0,11488.0,33.93327206100154,66.29760153210455,30.018130758949315,4696.631683535198,31739.478152222877,Granite Basement,Rotating (Rotary),False,Nominal,Continue drilling. Optimize WOB for maximum ROP.,6.62902654477394,System operating in nominal envelope
11499.5,11499.5,35.831566365239574,64.13117160858238,24.107534413739764,4689.23041005499,33085.712527507356,Granite Basement,Rotating (Rotary),False,Nominal,Continue drilling. Optimize WOB for maximum ROP.,13.124136576239005,System operating in nominal envelope
11511.0,11511.0,35.73363664971826,61.252045568931415,18.30488156038689,4741.102981734818,30861.77482129932,Granite Basement,Rotating (Rotary),False,Nominal,Continue drilling. Optimize WOB for maximum ROP.,13.533957335369417,System operating in nominal envelope
11522.5,11522.5,37.1581609291818,59.05759471807508,30.32028757497107,4767.313597698546,30881.497106393523,Granite Basement,Rotating (Rotary),False,Nominal,Continue drilling. Optimize WOB for maximum ROP.,14.143404426664835,System operating in nominal envelope
11534.0,11534.0,38.795986317861534,59.53866487379508,22.56921385334407,4722.571132269682,32356.131035007336,Granite Basement,Rotating (Rotary),False,Nominal,Continue drilling. Optimize WOB for maximum ROP.,7.652850890860524,System operating in nominal envelope
11545.5,11545.5,42.5338291942339,64.55378848195465,15.793197396860698,4746.612871366458,30998.054804677886,Granite Basement,Rotating (Rotary),False,Nominal,Continue drilling. Optimize WOB for maximum ROP.,14.039530651898893,System operating in nominal envelope
11557.0,11557.0,35.66836709962138,62.4906023516668,23.938339667750697,4738.204667838309,29128.64402600159,Granite Basement,Rotating (Rotary),False,Nominal,Continue drilling. Optimize WOB for maximum ROP.,8.206627547364322,System operating in nominal envelope
11568.5,11568.5,38.6007390562281,61.30613935921112,33.95745850141482,4757.761845975397,31960.583841081952,Granite Basement,Rotating (Rotary),False,Nominal,Continue drilling. Optimize WOB for maximum ROP.,10.523380134555028,System operating in nominal envelope
11580.0,11580.0,37.17935002266912,64.34369373126731,15.699723889941628,4767.276659863188,32932.36924660575,Granite Basement,Rotating (Rotary),False,Nominal,Continue drilling. Optimize WOB for maximum ROP.,5.505074708322821,System operating in nominal envelope
11591.5,11591.5,37.036030905338954,61.13708823637551,17.624415677404404,4739.551363376908,32249.498082075872,Granite Basement,Rotating (Rotary),False,Nominal,Continue drilling. Optimize WOB for maximum ROP.,5.438810883687436,System operating in nominal envelope
11603.0,11603.0,38.25778635288437,56.95018166960966,24.424565942818177,4764.288625145047,30940.48732918105,Granite Basement,Rotating (Rotary),False,Nominal,Continue drilling. Optimize WOB for maximum ROP.,12.203732127322029,System operating in nominal envelope
11614.5,11614.5,36.823331086845364,64.86506893753354,23.195777443017494,4658.222338965065,31481.861506180107,Granite Basement,Rotating (Rotary),False,Nominal,Continue drilling. Optimize WOB for maximum ROP.,9.44479977977791,System operating in nominal envelope
11626.0,11626.0,36.2761817271516,66.31556636408908,26.707521194166237,4707.896763528605,32342.801425541344,Granite Basement,Rotating (Rotary),False,Nominal,Continue drilling. Optimize WOB for maximum ROP.,7.562923753692176,System operating in nominal envelope
11637.5,11637.5,42.79377315963496,60.33202728805624,27.23244194330884,4712.675777521906,32696.90833896532,Granite Basement,Rotating (Rotary),False,Nominal,Continue drilling. Optimize WOB for maximum ROP.,6.9041349602491024,System operating in nominal envelope
11649.0,11649.0,32.12923808262832,60.651737463841826,18.837847035733542,4741.579566346201,32414.838529928875,Granite Basement,Rotating (Rotary),False,Nominal,Continue drilling. Optimize WOB for maximum ROP.,11.699534908592181,System operating in nominal envelope
11660.5,11660.5,26.925827238695625,63.30805796434258,2.4743229701205287,4702.331982751401,29297.066032450326,Granite Basement,Rotating (Rotary),False,Nominal,Continue drilling. Optimize WOB for maximum ROP.,5.004015440253399,System operating in nominal envelope
11672.0,11672.0,41.09312726875142,62.321543626012414,28.84366759097535,4728.118590482194,33016.814604355335,Granite Basement,Rotating (Rotary),False,Nominal,Continue drilling. Optimize WOB for maximum ROP.,13.058911691968543,System operating in nominal envelope
11683.5,11683.5,44.14194016234328,58.51816131958251,22.25669427789845,4733.816234401152,29734.548994556768,Granite Basement,Rotating (Rotary),False,Nominal,Continue drilling. Optimize WOB for maximum ROP.,5.792496061299288,System operating in nominal envelope
11695.0,11695.0,37.05525975568663,63.56653409315768,29.346145011855597,4736.739097028548,32180.760595001666,Granite Basement,Rotating (Rotary),False,Nominal,Continue drilling. Optimize WOB for maximum ROP.,6.914896149081194,System operating in nominal envelope
11706.5,11706.5,46.18872897405594,61.21175836178469,17.90267179373947,4712.994432483341,31768.72330792552,Granite Basement,Rotating (Rotary),False,Nominal,Continue drilling. Optimize WOB for maximum ROP.,8.862363952990897,System operating in nominal envelope
11718.0,11718.0,43.63145092005884,61.29195490263692,29.45997241838447,4723.300590803151,30985.32323250298,Granite Basement,Rotating (Rotary),False,Nominal,Continue drilling. Optimize WOB for maximum ROP.,9.848587397161037,System operating in nominal envelope
11729.5,11729.5,37.40056146372036,60.395832949674045,24.27030216265075,4779.993797940588,30565.06253399737,Granite Basement,Rotating (Rotary),False,Nominal,Continue drilling. Optimize WOB for maximum ROP.,8.549951158139418,System operating in nominal envelope
11741.0,11741.0,40.47876337611888,57.92166222395732,30.25314913433842,4751.286512535148,30347.82241837535,Granite Basement,Rotating (Rotary),False,Nominal,Continue drilling. Optimize WOB for maximum ROP.,8.20712164984294,System operating in nominal envelope
11752.5,11752.5,34.34192615470789,63.73192257962215,25.91000652660958,4767.845826657368,32440.688685991023,Granite Basement,Rotating (Rotary),False,Nominal,Continue drilling. Optimize WOB for maximum ROP.,14.639160120731884,System operating in nominal envelope
11764.0,11764.0,37.12105641686714,60.558951059162894,16.118297840868028,4777.8958672704275,30736.151219576932,Granite Basement,Rotating (Rotary),False,Nominal,Continue drilling. Optimize WOB for maximum ROP.,11.415796812433943,System operating in nominal envelope
11775.5,11775.5,40.52840195312476,60.00965799203376,20.329885220100067,4718.288412563346,29923.584145710618,Granite Basement,Rotating (Rotary),False,Nominal,Continue drilling. Optimize WOB for maximum ROP.,5.2343295536738825,System operating in nominal envelope
11787.0,11787.0,37.685682909193325,62.607729319151744,22.549371131395834,4766.742656107487,32075.372532643047,Granite Basement,Rotating (Rotary),False,Nominal,Continue drilling. Optimize WOB for maximum ROP.,9.301759084443132,System operating in nominal envelope
11798.5,11798.5,37.24685642975707,63.27539367228796,20.434605508000892,4775.694254073214,31637.935105835655,Granite Basement,Rotating (Rotary),False,Nominal,Continue drilling. Optimize WOB for maximum ROP.,13.750086997439702,System operating in nominal envelope
11810.0,11810.0,34.227109195874924,59.64569251842211,28.08796279081063,4761.456741801088,32321.524524665463,Granite Basement,Rotating (Rotary),False,Nominal,Continue drilling. Optimize WOB for maximum ROP.,27.0,PROACTIVE ML WARNING: Impending Stick-Slip (27% risk). Adjust RPM immediately.
11821.5,11821.5,37.511094103862185,67.3230837211235,23.105553998079472,4733.61703763538,31984.16221993048,Granite Basement,Rotating (Rotary),False,Nominal,Continue drilling. Optimize WOB for maximum ROP.,34.0,PROACTIVE ML WARNING: Impending Stick-Slip (34% risk). Adjust RPM immediately.
11833.0,11833.0,35.68826709421852,60.08840916856109,23.71771600762711,4756.8809029671,31200.073778242273,Granite Basement,Rotating (Rotary),False,Nominal,Continue drilling. Optimize WOB for maximum ROP.,41.0,PROACTIVE ML WARNING: Impending Stick-Slip (41% risk). Adjust RPM immediately.
11844.5,11844.5,37.85600628947604,63.71942180070245,23.64967360234575,4777.166416129905,33277.203047337716,Granite Basement,Rotating (Rotary),False,Nominal,Continue drilling. Optimize WOB for maximum ROP.,48.0,PROACTIVE ML WARNING: Impending Stick-Slip (48% risk). Adjust RPM immediately.
11856.0,11856.0,41.82719736226734,68.19799846147217,21.88502823376357,4749.13511881935,32492.77418832116,Granite Basement,Rotating (Rotary),False,Nominal,Continue drilling. Optimize WOB for maximum ROP.,56.0,PROACTIVE ML WARNING: Impending Stick-Slip (56% risk). Adjust RPM immediately.
11867.5,11867.5,25.95238220366339,69.73614512574471,22.34701493816933,4737.18809799724,31982.201285010848,Granite Basement,Rotating (Rotary),False,Nominal,Continue drilling. Optimize WOB for maximum ROP.,63.0,PROACTIVE ML WARNING: Impending Stick-Slip (63% risk). Adjust RPM immediately.
11879.0,11879.0,33.481939005767146,56.20106008916182,24.111199968980088,4724.166972873437,29955.516613388605,Granite Basement,Rotating (Rotary),False,Nominal,Continue drilling. Optimize WOB for maximum ROP.,70.0,PROACTIVE ML WARNING: Impending Stick-Slip (70% risk). Adjust RPM immediately.
11890.5,11890.5,41.63979059821142,49.49249854932869,26.931360342627833,4752.090202405703,31352.08398430585,Granite Basement,Rotating (Rotary),False,Nominal,Continue drilling. Optimize WOB for maximum ROP.,77.0,PROACTIVE ML WARNING: Impending Stick-Slip (77% risk). Adjust RPM immediately.
11902.0,11902.0,39.97171048567246,68.85897495499124,33.49297722314533,4752.200475783923,34817.06081000695,Granite Basement,Rotating (Rotary),False,Nominal,Continue drilling. Optimize WOB for maximum ROP.,84.0,PROACTIVE ML WARNING: Impending Stick-Slip (84% risk). Adjust RPM immediately.
11913.5,11913.5,36.91664182324035,76.39282871851155,21.743381027509137,4725.926842520465,29323.722537608835,Granite Basement,Rotating (Rotary),False,Nominal,Continue drilling. Optimize WOB for maximum ROP.,92.0,PROACTIVE ML WARNING: Impending Stick-Slip (92% risk). Adjust RPM immediately.
11925.0,11925.0,42.194947477467245,15.0,5.0,4748.102086767197,47282.64313147133,Granite Basement,Rotating (Rotary),True,Severe Stick-Slip Vibration,Decrease WOB by 5 klbs and increase RPM by 15 to break torsional resonance.,10.448816860293935,System operating in nominal envelope
11936.5,11936.5,39.12089153169352,58.25685588705339,29.486466489329874,4786.943489416668,30773.35885044263,Granite Basement,Rotating (Rotary),False,Nominal,Continue drilling. Optimize WOB for maximum ROP.,7.8350719027093945,System operating in nominal envelope
11948.0,11948.0,33.174005329903274,63.672100326365545,16.442343234321577,4772.638615195363,31919.548662630437,Granite Basement,Rotating (Rotary),False,Nominal,Continue drilling. Optimize WOB for maximum ROP.,14.484251555414929,System operating in nominal envelope
11959.5,11959.5,38.948283120472695,59.04235953816403,30.05493464573764,4750.440918622596,32624.119106243215,Granite Basement,Rotating (Rotary),False,Nominal,Continue drilling. Optimize WOB for maximum ROP.,13.42464106835575,System operating in nominal envelope
11971.0,11971.0,38.05769518165365,59.5629835601929,6.365601453448782,4773.819692804355,31521.164311566245,Granite Basement,Rotating (Rotary),False,Nominal,Continue drilling. Optimize WOB for maximum ROP.,12.223735076327985,System operating in nominal envelope
11982.5,11982.5,40.97399334000277,61.93941791532577,0.0,4788.661281199577,30303.964593423658,Granite Basement,Rotating (Rotary),False,Nominal,Continue drilling. Optimize WOB for maximum ROP.,5.779938664094091,System operating in nominal envelope
11994.0,11994.0,39.060518661711704,62.72890919170493,44.939654852271254,4717.253209309839,30431.478495913667,Granite Basement,Rotating (Rotary),False,Nominal,Continue drilling. Optimize WOB for maximum ROP.,6.061300193090195,System operating in nominal envelope
12005.5,12005.5,36.83867966621555,63.82739744094054,22.70603732435112,4744.1735043157905,29217.389234452352,Granite Basement,Rotating (Rotary),False,Nominal,Continue drilling. Optimize WOB for maximum ROP.,9.927813458649556,System operating in nominal envelope
12017.0,12017.0,36.9907026709128,61.00030440332907,22.85911117047107,4758.49397911234,31788.580952637036,Granite Basement,Rotating (Rotary),False,Nominal,Continue drilling. Optimize WOB for maximum ROP.,6.607133491909857,System operating in nominal envelope
12028.5,12028.5,33.196776561800014,63.21546197890485,29.617771759731916,4713.545706116939,29261.009656645652,Granite Basement,Rotating (Rotary),False,Nominal,Continue drilling. Optimize WOB for maximum ROP.,14.78265463529474,System operating in nominal envelope
12040.0,12040.0,39.926677034114356,61.85651158731491,22.00312471758257,4728.313787381123,30726.96125278391,Granite Basement,Rotating (Rotary),False,Nominal,Continue drilling. Optimize WOB for maximum ROP.,6.585202340274094,System operating in nominal envelope
12051.5,12051.5,31.93560291941837,60.15242835494192,20.812295879795016,4780.428258454417,33058.617457803826,Granite Basement,Rotating (Rotary),False,Nominal,Continue drilling. Optimize WOB for maximum ROP.,9.874678354639741,System operating in nominal envelope
12063.0,12063.0,40.874655746401174,57.21484982353133,26.335826686980575,4781.52628102784,30622.08833111759,Granite Basement,Rotating (Rotary),False,Nominal,Continue drilling. Optimize WOB for maximum ROP.,8.641210568415055,System operating in nominal envelope
12074.5,12074.5,37.0585408106891,65.30103502445958,21.875743278946345,4744.099108791502,32185.34607693752,Granite Basement,Rotating (Rotary),False,Nominal,Continue drilling. Optimize WOB for maximum ROP.,11.39386421454098,System operating in nominal envelope
12086.0,12086.0,37.398439183563276,61.540365267101976,23.523873511874157,4745.738172387647,31484.603929229914,Granite Basement,Rotating (Rotary),False,Nominal,Continue drilling. Optimize WOB for maximum ROP.,6.290364088894249,System operating in nominal envelope
12097.5,12097.5,38.91671294394557,62.211262864232154,16.01526275410871,4787.749863740306,32508.471408723726,Granite Basement,Rotating (Rotary),False,Nominal,Continue drilling. Optimize WOB for maximum ROP.,9.303164280423909,System operating in nominal envelope
12109.0,12109.0,41.30133550224493,59.03415893222537,9.473991623364968,4783.416397203444,32176.754752895533,Granite Basement,Rotating (Rotary),False,Nominal,Continue drilling. Optimize WOB for maximum ROP.,7.7470503280714365,System operating in nominal envelope
12120.5,12120.5,38.35332113681176,60.82875971659921,19.032038531155614,4750.670868551616,32975.130745123315,Granite Basement,Rotating (Rotary),False,Nominal,Continue drilling. Optimize WOB for maximum ROP.,13.87751524671688,System operating in nominal envelope
12132.0,12132.0,34.935767669351414,62.18923735001273,32.86441614708632,4787.699743657461,31345.31974407694,Granite Basement,Rotating (Rotary),False,Nominal,Continue drilling. Optimize WOB for maximum ROP.,5.405857121346951,System operating in nominal envelope
12143.5,12143.5,40.01770751546354,56.55447170067143,27.64314324606361,4758.2433259123245,30886.468427507945,Granite Basement,Rotating (Rotary),False,Nominal,Continue drilling. Optimize WOB for maximum ROP.,14.137274940064593,System operating in nominal envelope
12155.0,12155.0,28.025695185778375,68.3725242717943,32.97991464478551,4785.675652372355,31662.57346987812,Granite Basement,Rotating (Rotary),False,Nominal,Continue drilling. Optimize WOB for maximum ROP.,13.329941385530004,System operating in nominal envelope
12166.5,12166.5,46.90588540068798,64.17686661147101,22.92440427441119,4797.04032741179,31642.713506715107,Granite Basement,Rotating (Rotary),False,Nominal,Continue drilling. Optimize WOB for maximum ROP.,7.9757071644081545,System operating in nominal envelope
12178.0,12178.0,36.191977312781376,59.93472002071364,23.423376974793822,4757.064647507513,30025.19288693746,Granite Basement,Rotating (Rotary),False,Nominal,Continue drilling. Optimize WOB for maximum ROP.,12.892906546771048,System operating in nominal envelope
12189.5,12189.5,31.59826320653973,62.47729131035928,20.031800067848057,4774.2517347989415,31660.453345838265,Granite Basement,Rotating (Rotary),False,Nominal,Continue drilling. Optimize WOB for maximum ROP.,5.312135603387476,System operating in nominal envelope
12201.0,12201.0,49.69206940668592,65.40028975045078,19.37915331367634,4744.966437497882,31754.29195147017,Granite Basement,Rotating (Rotary),False,Nominal,Continue drilling. Optimize WOB for maximum ROP.,14.668655502933936,System operating in nominal envelope
12212.5,12212.5,34.144977038511826,58.64981982219016,31.355477782591553,4787.805417268982,30755.932783304026,Granite Basement,Rotating (Rotary),False,Nominal,Continue drilling. Optimize WOB for maximum ROP.,10.265949425897894,System operating in nominal envelope
12224.0,12224.0,41.77637241521567,65.43478596302862,28.80665204648149,4756.610330848148,32019.099246875674,Granite Basement,Rotating (Rotary),False,Nominal,Continue drilling. Optimize WOB for maximum ROP.,8.032810260654452,System operating in nominal envelope
12235.5,12235.5,36.19812293460493,60.07057010651781,28.83335490540921,4819.078016644399,31748.425496299402,Granite Basement,Rotating (Rotary),False,Nominal,Continue drilling. Optimize WOB for maximum ROP.,8.62583212594677,System operating in nominal envelope
12247.0,12247.0,34.87611115505388,58.951788833694515,15.911927948188149,4765.523755637698,31364.568644970124,Granite Basement,Rotating (Rotary),False,Nominal,Continue drilling. Optimize WOB for maximum ROP.,5.664053534604974,System operating in nominal envelope
12258.5,12258.5,37.962589727128545,57.77873702982875,28.588807954111996,4752.6788144382535,32232.635083118348,Granite Basement,Rotating (Rotary),False,Nominal,Continue drilling. Optimize WOB for maximum ROP.,14.893495140420391,System operating in nominal envelope
12270.0,12270.0,36.51086829152991,59.45558922730762,28.898340536504215,4755.91491121185,31092.391075432086,Granite Basement,Rotating (Rotary),False,Nominal,Continue drilling. Optimize WOB for maximum ROP.,5.392919451506924,System operating in nominal envelope
12281.5,12281.5,41.52733362710843,60.75867066129508,17.74113422324354,4753.682689350381,31792.485252550036,Granite Basement,Rotating (Rotary),False,Nominal,Continue drilling. Optimize WOB for maximum ROP.,11.54907123147859,System operating in nominal envelope
12293.0,12293.0,36.03063997232743,65.31319022609259,14.333415591543305,4804.117885714145,31672.507948978586,Granite Basement,Rotating (Rotary),False,Nominal,Continue drilling. Optimize WOB for maximum ROP.,9.427359277064582,System operating in nominal envelope
12304.5,12304.5,38.803306956388504,64.65664322696881,33.824864200338375,4774.9691583558615,32975.41658626549,Granite Basement,Rotating (Rotary),False,Nominal,Continue drilling. Optimize WOB for maximum ROP.,14.489162181887151,System operating in nominal envelope
12316.0,12316.0,44.3221847621452,62.76310781632838,27.400193921724217,4799.9647924951505,33044.292518857554,Granite Basement,Rotating (Rotary),False,Nominal,Continue drilling. Optimize WOB for maximum ROP.,7.459997403067952,System operating in nominal envelope
12327.5,12327.5,36.09531039039719,60.87864290868035,22.911232243232135,4792.1638738443435,30090.70692723473,Granite Basement,Rotating (Rotary),False,Nominal,Continue drilling. Optimize WOB for maximum ROP.,10.320868239380113,System operating in nominal envelope
12339.0,12339.0,42.16687904927497,56.52186537208679,20.50578891968838,4825.482052544863,32725.63264682385,Granite Basement,Rotating (Rotary),False,Nominal,Continue drilling. Optimize WOB for maximum ROP.,9.823562085827529,System operating in nominal envelope
12350.5,12350.5,40.064885145912875,62.007869317265815,13.35946250380913,4818.789759210967,32573.089991904777,Granite Basement,Rotating (Rotary),False,Nominal,Continue drilling. Optimize WOB for maximum ROP.,12.028664440501014,System operating in nominal envelope
12362.0,12362.0,40.23159717116387,61.48593036589188,37.28584172531835,4791.030814262953,30704.83628414096,Granite Basement,Rotating (Rotary),False,Nominal,Continue drilling. Optimize WOB for maximum ROP.,5.680102319524205,System operating in nominal envelope
12373.5,12373.5,41.95223491562979,60.150572090067584,27.302220110293923,4756.514734827244,31078.84548697219,Granite Basement,Rotating (Rotary),False,Nominal,Continue drilling. Optimize WOB for maximum ROP.,6.937891300233549,System operating in nominal envelope
12385.0,12385.0,38.91278220699565,65.13283206192061,26.484101044639324,4810.547993054522,32558.769376122174,Granite Basement,Rotating (Rotary),False,Nominal,Continue drilling. Optimize WOB for maximum ROP.,7.145648200928498,System operating in nominal envelope
12396.5,12396.5,32.720664825198234,61.51075367213274,27.823486801540476,4818.222243497717,31443.736962051087,Granite Basement,Rotating (Rotary),False,Nominal,Continue drilling. Optimize WOB for maximum ROP.,12.381507548416897,System operating in nominal envelope
12408.0,12408.0,36.78875640206469,59.425470378645386,19.016773332093027,4789.556398398848,31837.479807791657,Granite Basement,Rotating (Rotary),False,Nominal,Continue drilling. Optimize WOB for maximum ROP.,6.891386963267401,System operating in nominal envelope
12419.5,12419.5,37.10429726954466,59.651341895035046,35.04094214295899,4821.541122939103,31178.454312713868,Granite Basement,Rotating (Rotary),False,Nominal,Continue drilling. Optimize WOB for maximum ROP.,10.734917638909767,System operating in nominal envelope
12431.0,12431.0,43.80924183205545,61.79738508819564,12.812518244996383,4769.268781686315,29222.199517515197,Granite Basement,Rotating (Rotary),False,Nominal,Continue drilling. Optimize WOB for maximum ROP.,7.1524382050095365,System operating in nominal envelope
12442.5,12442.5,32.77942766538509,65.44617406865376,7.1248003320930415,4798.295614680674,31925.44814030845,Granite Basement,Rotating (Rotary),False,Nominal,Continue drilling. Optimize WOB for maximum ROP.,13.616249500839784,System operating in nominal envelope
12454.0,12454.0,33.44772756897441,64.21769944111571,28.292801925360934,4803.4893528095645,31339.251835675328,Granite Basement,Rotating (Rotary),False,Nominal,Continue drilling. Optimize WOB for maximum ROP.,14.421854544896386,System operating in nominal envelope
12465.5,12465.5,44.216031663316095,61.44739384115737,42.180033228082344,4798.974245066452,31710.315835254587,Granite Basement,Rotating (Rotary),False,Nominal,Continue drilling. Optimize WOB for maximum ROP.,10.184929749422405,System operating in nominal envelope
12477.0,12477.0,30.022446195207703,63.70805753697202,19.003968589640095,4795.289943781023,32118.914724993123,Granite Basement,Rotating (Rotary),False,Nominal,Continue drilling. Optimize WOB for maximum ROP.,8.523088842091783,System operating in nominal envelope
12488.5,12488.5,37.81393288273789,63.77852644866374,17.554701454968132,4876.902755026096,32382.375518827062,Granite Basement,Rotating (Rotary),False,Nominal,Continue drilling. Optimize WOB for maximum ROP.,7.340577750174991,System operating in nominal envelope
